date,year,week,weighted_ili,unweighted_ili,age_0_4,age_25_49,age_25_64,age_5_24,age_50_64,age_65,ilitotal,num_of_providers,total_patients
9/29/2002,2002,40,1.22262,1.16668,582,NA,524,805,NA,149,2060,754,176569
10/6/2002,2002,41,1.33344,1.2165,683,NA,585,872,NA,127,2267,785,186355
10/13/2002,2002,42,1.31929,1.13057,642,NA,543,878,NA,113,2176,831,192469
10/20/2002,2002,43,1.49484,1.25246,728,NA,672,1045,NA,154,2599,863,207512
10/27/2002,2002,44,1.47195,1.30237,823,NA,741,1189,NA,154,2907,909,223208
11/3/2002,2002,45,1.58094,1.40551,887,NA,886,1272,NA,180,3225,930,229454
11/10/2002,2002,46,1.49426,1.38437,851,NA,898,1173,NA,175,3097,923,223712
11/17/2002,2002,47,1.40569,1.32563,802,NA,817,1166,NA,182,2967,922,223818
11/24/2002,2002,48,1.6141,1.43475,834,NA,711,978,NA,186,2709,918,188814
12/1/2002,2002,49,1.45967,1.25433,857,NA,869,1117,NA,206,3049,937,243078
12/8/2002,2002,50,1.59896,1.25757,804,NA,792,1179,NA,182,2957,928,235136
12/15/2002,2002,51,2.16697,1.58017,951,NA,849,1404,NA,212,3416,908,216179
12/22/2002,2002,52,2.57842,1.98008,915,NA,828,937,NA,177,2857,865,144287
12/29/2002,2003,1,2.38636,1.90428,1028,NA,962,1019,NA,251,3260,879,171193
1/5/2003,2003,2,1.73621,1.5901,1068,NA,1091,1296,NA,274,3729,926,234513
1/12/2003,2003,3,2.06296,1.81559,1154,NA,1011,1798,NA,241,4204,902,231550
1/19/2003,2003,4,2.58113,2.41801,1373,NA,1104,2998,NA,221,5696,927,235566
1/26/2003,2003,5,2.93909,2.86635,1411,NA,1322,4064,NA,282,7079,884,246969
2/2/2003,2003,6,3.22539,3.16662,1606,NA,1421,4447,NA,308,7782,889,245751
2/9/2003,2003,7,3.06982,3.0155,1568,NA,1566,4224,NA,291,7649,903,253656
2/16/2003,2003,8,3.20044,2.9978,1694,NA,1537,3689,NA,308,7228,871,241110
2/23/2003,2003,9,2.44888,2.31957,1336,NA,1400,2583,NA,287,5606,857,241683
3/2/2003,2003,10,2.1344,1.94707,1015,NA,1085,2103,NA,247,4450,839,228549
3/9/2003,2003,11,1.99866,1.72985,880,NA,987,1669,NA,274,3810,835,220250
3/16/2003,2003,12,1.93849,1.51837,737,NA,773,1321,NA,156,2987,795,196724
3/23/2003,2003,13,1.41293,1.22616,624,NA,640,1016,NA,159,2439,775,198913
3/30/2003,2003,14,1.23472,1.05433,506,NA,541,846,NA,135,2028,741,192349
4/6/2003,2003,15,1.20005,1.07108,569,NA,551,799,NA,163,2082,735,194383
4/13/2003,2003,16,0.910135,0.82612,440,NA,382,539,NA,106,1467,669,177577
4/20/2003,2003,17,0.932265,0.820505,429,NA,394,508,NA,114,1445,682,176111
4/27/2003,2003,18,0.692175,0.630846,275,NA,272,444,NA,84,1075,655,170406
5/4/2003,2003,19,0.669406,0.63935,215,NA,245,471,NA,74,1005,613,157191
5/11/2003,2003,20,0.727705,0.586609,248,NA,235,283,NA,70,836,547,142514
5/18/2003,2003,21,0.717701,0.773024,264,NA,169,262,NA,45,740,406,95728
5/25/2003,2003,22,0.789394,0.790743,213,NA,179,205,NA,44,641,393,81063
6/1/2003,2003,23,0.722129,0.711847,201,NA,133,195,NA,34,563,344,79090
6/8/2003,2003,24,0.591326,0.794637,198,NA,180,187,NA,55,620,341,78023
6/15/2003,2003,25,0.52307,0.586604,139,NA,127,123,NA,34,423,322,72110
6/22/2003,2003,26,0.450236,0.615982,122,NA,163,124,NA,32,441,322,71593
6/29/2003,2003,27,0.397421,0.491507,109,NA,94,91,NA,24,318,310,64699
7/6/2003,2003,28,0.448002,0.604341,137,NA,120,141,NA,43,441,308,72972
7/13/2003,2003,29,0.474767,0.524478,98,NA,116,98,NA,53,365,301,69593
7/20/2003,2003,30,0.453251,0.590692,112,NA,121,139,NA,48,420,302,71103
7/27/2003,2003,31,0.352158,0.505135,100,NA,102,120,NA,39,361,290,71466
8/3/2003,2003,32,0.525322,0.634271,136,NA,136,125,NA,46,443,295,69844
8/10/2003,2003,33,0.492991,0.610118,120,NA,133,131,NA,37,421,283,69003
8/17/2003,2003,34,0.542728,0.641227,159,NA,120,144,NA,27,450,277,70178
8/24/2003,2003,35,0.490347,0.661429,166,NA,112,155,NA,30,463,276,70000
8/31/2003,2003,36,0.735914,0.792681,177,NA,124,182,NA,36,519,271,65474
9/7/2003,2003,37,0.581771,0.639059,145,NA,122,184,NA,24,475,267,74328
9/14/2003,2003,38,0.654162,0.636732,136,NA,116,183,NA,26,461,264,72401
9/21/2003,2003,39,0.749504,0.747829,135,NA,143,221,NA,34,533,268,71273
9/28/2003,2003,40,0.884021,0.960873,808,NA,607,881,NA,146,2442,830,254144
10/5/2003,2003,41,1.02773,1.04325,913,NA,696,1132,NA,191,2932,931,281045
10/12/2003,2003,42,1.28296,1.0545,878,NA,811,1147,NA,195,3031,974,287436
10/19/2003,2003,43,1.32661,1.11231,1006,NA,884,1369,NA,216,3475,1007,312412
10/26/2003,2003,44,1.77304,1.41274,1207,NA,1127,2080,NA,276,4690,1074,331980
11/2/2003,2003,45,2.43814,1.72703,1542,NA,1249,2735,NA,264,5790,1111,335258
11/9/2003,2003,46,2.72605,2.407,2185,NA,1757,4133,NA,310,8385,1141,348359
11/16/2003,2003,47,3.73192,3.10962,2561,NA,2425,5684,NA,471,11141,1129,358275
11/23/2003,2003,48,4.54894,4.30779,3247,NA,2890,4933,NA,672,11742,1118,272576
11/30/2003,2003,49,5.39906,4.8303,4734,NA,5330,7817,NA,1067,18948,1189,392274
12/7/2003,2003,50,7.38735,6.42905,6620,NA,5573,11550,NA,1219,24962,1173,388269
12/14/2003,2003,51,7.48097,6.86734,6434,NA,5906,9851,NA,1508,23699,1148,345097
12/21/2003,2003,52,7.62797,7.06496,5336,NA,4517,5231,NA,1331,16415,1122,232344
12/28/2003,2003,53,5.14051,4.55115,3391,NA,3827,2894,NA,1220,11332,1139,248992
1/4/2004,2004,1,2.89129,2.41833,1930,NA,2605,2299,NA,768,7602,1160,314349
1/11/2004,2004,2,2.10429,1.80906,1679,NA,1586,1857,NA,461,5583,1141,308614
1/18/2004,2004,3,1.88696,1.71202,1721,NA,1276,1604,NA,360,4961,1084,289774
1/25/2004,2004,4,1.7766,1.5425,1487,NA,1067,1543,NA,339,4436,1071,287586
2/1/2004,2004,5,1.46001,1.43787,1454,NA,1047,1448,NA,302,4251,1054,295646
2/8/2004,2004,6,1.37787,1.32427,1420,NA,889,1297,NA,218,3824,986,288762
2/15/2004,2004,7,1.30532,1.30726,1301,NA,876,1255,NA,259,3691,1004,282347
2/22/2004,2004,8,1.08691,1.03698,956,NA,719,1038,NA,203,2916,948,281202
2/29/2004,2004,9,0.991888,1.01032,925,NA,682,910,NA,227,2744,894,271597
3/7/2004,2004,10,1.02765,1.05249,878,NA,764,888,NA,178,2708,897,257294
3/14/2004,2004,11,1.0579,1.02009,730,NA,756,826,NA,175,2487,849,243802
3/21/2004,2004,12,0.849361,0.924419,760,NA,628,733,NA,179,2300,859,248805
3/28/2004,2004,13,0.747127,0.790645,610,NA,495,611,NA,142,1858,828,234998
4/4/2004,2004,14,0.661708,0.80261,583,NA,440,566,NA,116,1705,774,212432
4/11/2004,2004,15,0.679514,0.83613,545,NA,500,573,NA,131,1749,755,209178
4/18/2004,2004,16,0.633071,0.792436,501,NA,461,511,NA,142,1615,679,203802
4/25/2004,2004,17,0.569894,0.683588,470,NA,349,404,NA,108,1331,658,194708
5/2/2004,2004,18,0.591357,0.757452,435,NA,383,491,NA,85,1394,629,184038
5/9/2004,2004,19,0.589044,0.788585,449,NA,361,443,NA,74,1327,599,168276
5/16/2004,2004,20,0.67864,0.812171,451,NA,337,380,NA,94,1262,553,155386
5/23/2004,2004,21,0.637558,0.804463,375,NA,280,349,NA,66,1070,463,133008
5/30/2004,2004,22,0.813309,0.877701,391,NA,289,308,NA,73,1061,452,120884
6/6/2004,2004,23,0.834551,0.741453,355,NA,257,309,NA,66,987,443,133117
6/13/2004,2004,24,0.616174,0.661022,307,NA,258,240,NA,46,851,426,128740
6/20/2004,2004,25,0.513286,0.715109,277,NA,245,284,NA,81,887,423,124037
6/27/2004,2004,26,0.351881,0.562241,238,NA,215,183,NA,62,698,408,124146
7/4/2004,2004,27,0.542621,0.786808,233,NA,210,205,NA,62,710,381,90238
7/11/2004,2004,28,0.581036,0.860658,249,NA,227,280,NA,80,836,378,97135
7/18/2004,2004,29,0.495486,0.689944,259,NA,162,200,NA,38,659,370,95515
7/25/2004,2004,30,0.61209,0.779691,260,NA,189,230,NA,40,719,363,92216
8/1/2004,2004,31,0.531491,0.628144,213,NA,225,235,NA,60,733,345,116693
8/8/2004,2004,32,0.519987,0.902459,243,NA,247,256,NA,63,809,334,89644
8/15/2004,2004,33,0.574476,0.806443,256,NA,200,256,NA,58,770,335,95481
8/22/2004,2004,34,0.663175,0.874888,259,NA,231,265,NA,44,799,333,91326
8/29/2004,2004,35,0.614691,0.993213,279,NA,252,358,NA,71,960,326,96656
9/5/2004,2004,36,0.656823,0.876141,281,NA,263,309,NA,60,913,337,104207
9/12/2004,2004,37,0.723016,0.948092,342,NA,299,413,NA,68,1122,341,118343
9/19/2004,2004,38,0.691857,0.926943,322,NA,268,416,NA,83,1089,336,117483
9/26/2004,2004,39,0.782758,0.971643,333,NA,319,382,NA,82,1116,364,114857
10/3/2004,2004,40,0.982275,0.897159,877,NA,853,1256,NA,185,3171,1176,353449
10/10/2004,2004,41,1.01821,1.02248,1071,NA,971,1373,NA,216,3631,1187,355116
10/17/2004,2004,42,1.1768,1.06296,1240,NA,1019,1534,NA,226,4019,1267,378094
10/24/2004,2004,43,1.30121,1.14696,1190,NA,1223,1671,NA,285,4369,1293,380921
10/31/2004,2004,44,1.27746,1.20495,1327,NA,1215,1718,NA,291,4551,1302,377692
11/7/2004,2004,45,1.40387,1.30517,1497,NA,1279,1874,NA,319,4969,1344,380718
11/14/2004,2004,46,1.40301,1.28699,1531,NA,1279,1874,NA,299,4983,1336,387182
11/21/2004,2004,47,1.73975,1.59468,1490,NA,1274,1678,NA,271,4713,1341,295546
11/28/2004,2004,48,1.56894,1.39714,1538,NA,1434,2059,NA,376,5407,1369,387004
12/5/2004,2004,49,1.65927,1.44996,1551,NA,1450,2052,NA,375,5428,1346,374356
12/12/2004,2004,50,1.81341,1.61745,1670,NA,1643,2071,NA,371,5755,1379,355806
12/19/2004,2004,51,2.37626,2.19112,1856,NA,1608,1807,NA,418,5689,1288,259639
12/26/2004,2004,52,2.77052,2.56649,2252,NA,2413,1993,NA,621,7279,1332,283617
1/2/2005,2005,1,2.40064,2.17645,2010,NA,2869,2450,NA,712,8041,1383,369455
1/9/2005,2005,2,2.54155,2.20171,2188,NA,2542,2982,NA,611,8323,1342,378024
1/16/2005,2005,3,2.85871,2.53012,2199,NA,2839,3682,NA,608,9328,1348,368678
1/23/2005,2005,4,3.55011,3.06524,2747,NA,3586,5364,NA,725,12422,1334,405254
1/30/2005,2005,5,4.58591,3.98061,3086,NA,4498,7650,NA,958,16192,1303,406772
2/6/2005,2005,6,5.05809,4.59568,3626,NA,5757,8854,NA,1132,19369,1324,421461
2/13/2005,2005,7,5.44151,4.75197,3834,NA,6515,8400,NA,1182,19931,1330,419426
2/20/2005,2005,8,4.4729,4.17962,3720,NA,5125,6759,NA,1026,16630,1280,397883
2/27/2005,2005,9,3.6752,3.45359,2997,NA,4058,5343,NA,836,13234,1268,383196
3/6/2005,2005,10,3.3353,3.15852,2728,NA,3634,4494,NA,745,11601,1227,367292
3/13/2005,2005,11,2.76224,2.6732,2416,NA,2969,3513,NA,604,9502,1185,355454
3/20/2005,2005,12,2.46844,2.35161,2145,NA,2434,2771,NA,550,7900,1148,335940
3/27/2005,2005,13,2.00081,1.89243,1827,NA,1979,2133,NA,390,6329,1103,334438
4/3/2005,2005,14,1.54319,1.5249,1422,NA,1327,1737,NA,330,4816,1048,315823
4/10/2005,2005,15,1.50195,1.41134,1356,NA,1169,1603,NA,317,4445,1000,314948
4/17/2005,2005,16,1.22918,1.25068,1096,NA,954,1469,NA,306,3825,978,305833
4/24/2005,2005,17,1.21854,1.20702,1117,NA,894,1411,NA,224,3646,971,302065
5/1/2005,2005,18,1.15832,1.07895,903,NA,762,1136,NA,189,2990,923,277120
5/8/2005,2005,19,1.249,1.14521,979,NA,710,1115,NA,208,3012,878,263009
5/15/2005,2005,20,1.16888,1.06124,805,NA,600,926,NA,200,2531,825,238494
5/22/2005,2005,21,1.07888,1.0568,687,NA,518,695,NA,156,2056,687,194550
5/29/2005,2005,22,1.23059,1.25193,693,NA,568,678,NA,160,2099,637,167661
6/5/2005,2005,23,1.14747,1.01419,548,NA,462,594,NA,140,1744,603,171960
6/12/2005,2005,24,1.00254,1.04197,573,NA,409,507,NA,125,1614,582,154899
6/19/2005,2005,25,0.957569,0.954027,580,NA,431,507,NA,110,1628,587,170645
6/26/2005,2005,26,0.894837,0.84823,497,NA,326,452,NA,84,1359,550,160216
7/3/2005,2005,27,0.798205,0.841872,426,NA,313,390,NA,69,1198,533,142302
7/10/2005,2005,28,0.757812,0.730894,389,NA,323,361,NA,75,1148,524,157068
7/17/2005,2005,29,0.825963,0.713432,333,NA,303,364,NA,68,1068,507,149699
7/24/2005,2005,30,0.744927,0.670677,328,NA,279,327,NA,56,990,492,147612
7/31/2005,2005,31,0.787049,0.689278,331,NA,267,326,NA,58,982,488,142468
8/7/2005,2005,32,0.684724,0.704929,319,NA,297,350,NA,57,1023,479,145121
8/14/2005,2005,33,0.747361,0.615903,330,NA,225,326,NA,47,928,480,150673
8/21/2005,2005,34,0.673974,0.609426,292,NA,265,311,NA,54,922,428,151290
8/28/2005,2005,35,0.869662,0.680259,342,NA,273,367,NA,51,1033,420,151854
9/4/2005,2005,36,0.899529,0.775488,338,NA,264,396,NA,63,1061,416,136817
9/11/2005,2005,37,0.854635,0.683421,302,NA,289,383,NA,52,1026,408,150127
9/18/2005,2005,38,1.01123,0.781075,368,NA,285,516,NA,50,1219,419,156067
9/25/2005,2005,39,0.977808,0.806943,381,NA,276,484,NA,63,1204,447,149205
10/2/2005,2005,40,1.17778,1.07635,1172,NA,924,1256,NA,234,3586,1113,333164
10/9/2005,2005,41,1.21947,1.05869,1285,NA,853,1247,NA,197,3582,1160,338343
10/16/2005,2005,42,1.3069,1.11523,1393,NA,992,1525,NA,212,4122,1216,369609
10/23/2005,2005,43,1.33931,1.12381,1439,NA,997,1599,NA,213,4248,1237,377999
10/30/2005,2005,44,1.58374,1.25489,1639,NA,1190,1894,NA,282,5005,1280,398840
11/6/2005,2005,45,1.47072,1.33661,1563,NA,1251,1929,NA,295,5038,1272,376924
11/13/2005,2005,46,1.6112,1.37864,1679,NA,1331,1951,NA,315,5276,1277,382697
11/20/2005,2005,47,1.82699,1.60829,1666,NA,1249,1593,NA,294,4802,1301,298578
11/27/2005,2005,48,1.77482,1.48311,1858,NA,1583,2176,NA,349,5966,1325,402264
12/4/2005,2005,49,1.94451,1.65374,1987,NA,1534,2463,NA,387,6371,1328,385248
12/11/2005,2005,50,2.35512,2.00679,2241,NA,1997,3063,NA,396,7697,1318,383548
12/18/2005,2005,51,3.10878,2.56857,2696,NA,2293,3058,NA,530,8577,1287,333921
12/25/2005,2005,52,3.28238,3.05278,2678,NA,2882,2561,NA,721,8842,1273,289638
1/1/2006,2006,1,2.62914,2.42504,2422,NA,2817,2366,NA,734,8339,1319,343871
1/8/2006,2006,2,2.2515,2.00195,2272,NA,2155,2921,NA,534,7882,1339,393716
1/15/2006,2006,3,2.35858,2.05869,2249,NA,1999,3150,NA,460,7858,1297,381699
1/22/2006,2006,4,2.41881,2.21277,2643,NA,2281,3646,NA,544,9114,1331,411882
1/29/2006,2006,5,2.52752,2.3222,2612,NA,2288,4153,NA,498,9551,1320,411291
2/5/2006,2006,6,2.64954,2.49279,2754,NA,2543,4593,NA,537,10427,1311,418286
2/12/2006,2006,7,3.12935,2.79489,2624,NA,2992,4979,NA,631,11226,1288,401661
2/19/2006,2006,8,3.12442,2.96911,2753,NA,3073,5284,NA,791,11901,1288,400827
2/26/2006,2006,9,3.13099,2.83959,2579,NA,2989,5008,NA,767,11343,1275,399459
3/5/2006,2006,10,3.08261,2.77799,2564,NA,2913,5106,NA,678,11261,1257,405365
3/12/2006,2006,11,2.64431,2.47287,2330,NA,2231,4154,NA,607,9322,1241,376971
3/19/2006,2006,12,2.42295,2.18061,1895,NA,1919,3709,NA,541,8064,1217,369804
3/26/2006,2006,13,2.31141,2.0168,1697,NA,1745,3393,NA,478,7313,1165,362605
4/2/2006,2006,14,1.86383,1.64101,1437,NA,1299,2660,NA,342,5738,1133,349662
4/9/2006,2006,15,1.44943,1.35829,1181,NA,1067,2014,NA,285,4547,1087,334760
4/16/2006,2006,16,1.30227,1.1428,959,NA,873,1479,NA,239,3550,1045,310641
4/23/2006,2006,17,1.13459,1.04031,836,NA,779,1382,NA,180,3177,1017,305389
4/30/2006,2006,18,1.06255,0.964347,745,NA,637,1208,NA,190,2780,958,288278
5/7/2006,2006,19,1.03428,0.937982,745,NA,621,1039,NA,187,2592,919,276338
5/14/2006,2006,20,1.01791,0.947449,715,NA,582,969,NA,162,2428,877,256267
5/21/2006,2006,21,0.918151,0.891918,699,NA,452,764,NA,146,2061,783,231075
5/28/2006,2006,22,0.93099,0.864643,572,NA,404,561,NA,108,1645,649,190252
6/4/2006,2006,23,0.857294,0.97032,754,NA,564,626,NA,131,2075,635,213847
6/11/2006,2006,24,0.786294,0.84439,514,NA,388,447,NA,81,1430,615,169353
6/18/2006,2006,25,0.719426,0.77487,463,NA,328,409,NA,100,1300,610,167770
6/25/2006,2006,26,0.718868,0.821372,466,NA,323,390,NA,92,1271,572,154741
7/2/2006,2006,27,0.774807,0.872745,437,NA,305,402,NA,71,1215,565,139216
7/9/2006,2006,28,0.76598,0.922635,549,NA,449,511,NA,108,1617,577,175259
7/16/2006,2006,29,0.642809,0.899487,541,NA,460,440,NA,112,1553,564,172654
7/23/2006,2006,30,0.622033,0.843082,502,NA,422,403,NA,128,1455,564,172581
7/30/2006,2006,31,0.616326,0.881824,508,NA,402,430,NA,88,1428,551,161937
8/6/2006,2006,32,0.685694,0.817145,473,NA,383,435,NA,82,1373,547,168024
8/13/2006,2006,33,0.622697,0.8715,510,NA,390,466,NA,91,1457,536,167183
8/20/2006,2006,34,0.611817,0.738621,404,NA,279,379,NA,76,1138,503,154071
8/27/2006,2006,35,0.638831,0.797966,398,NA,292,457,NA,77,1224,488,153390
9/3/2006,2006,36,0.806627,1.01394,492,NA,396,506,NA,69,1463,491,144289
9/10/2006,2006,37,0.762448,0.880936,446,NA,361,521,NA,78,1406,487,159603
9/17/2006,2006,38,0.813406,0.943366,511,NA,362,534,NA,80,1487,455,157627
9/24/2006,2006,39,0.807934,0.891546,476,NA,364,512,NA,81,1433,469,160732
10/1/2006,2006,40,1.15384,1.20322,1434,NA,1116,1699,NA,264,4513,1323,375076
10/8/2006,2006,41,1.14819,1.05788,1278,NA,992,1602,NA,200,4072,1361,384920
10/15/2006,2006,42,1.22736,1.13054,1543,NA,1099,1830,NA,265,4737,1425,419005
10/22/2006,2006,43,1.21744,1.12552,1582,NA,1086,1996,NA,224,4888,1445,434287
10/29/2006,2006,44,1.32813,1.20808,1672,NA,1157,2270,NA,281,5380,1473,445334
11/5/2006,2006,45,1.47754,1.34952,2112,NA,1320,2393,NA,314,6139,1497,454901
11/12/2006,2006,46,1.5339,1.4689,2355,NA,1342,2681,NA,290,6668,1474,453945
11/19/2006,2006,47,1.91269,1.82767,2188,NA,1409,2202,NA,357,6156,1488,336822
11/26/2006,2006,48,1.838,1.6656,2573,NA,1774,2792,NA,391,7530,1486,452089
12/3/2006,2006,49,1.95376,1.85968,2643,NA,1804,3244,NA,431,8122,1493,436741
12/10/2006,2006,50,2.40407,2.38891,3270,NA,2177,4470,NA,479,10396,1492,435177
12/17/2006,2006,51,2.87453,2.78978,3387,NA,2237,4065,NA,503,10192,1435,365334
12/24/2006,2006,52,3.02597,3.11549,3243,NA,2216,2868,NA,586,8913,1359,286087
12/31/2006,2007,1,2.37817,2.26942,2927,NA,2394,2481,NA,584,8386,1490,369521
1/7/2007,2007,2,2.09232,1.86355,2507,NA,2018,2756,NA,480,7761,1467,416464
1/14/2007,2007,3,2.29396,1.99986,2548,NA,1701,3248,NA,412,7909,1470,395477
1/21/2007,2007,4,2.74501,2.4406,3410,NA,2257,4684,NA,537,10888,1495,446119
1/28/2007,2007,5,3.04434,2.83018,3456,NA,2559,5648,NA,457,12120,1472,428241
2/4/2007,2007,6,3.49999,3.12343,3840,NA,2910,6995,NA,452,14197,1484,454533
2/11/2007,2007,7,3.57851,3.27019,3879,NA,2955,6668,NA,529,14031,1461,429057
2/18/2007,2007,8,3.28979,3.17757,3728,NA,3175,6537,NA,608,14048,1460,442099
2/25/2007,2007,9,2.89149,2.72364,3016,NA,2778,5429,NA,578,11801,1428,433281
3/4/2007,2007,10,2.62075,2.50201,2798,NA,2533,4937,NA,447,10715,1408,428255
3/11/2007,2007,11,2.53387,2.4272,2668,NA,2426,4031,NA,472,9597,1361,395394
3/18/2007,2007,12,2.07251,1.96041,2049,NA,1857,3307,NA,349,7562,1333,385735
3/25/2007,2007,13,1.87084,1.5914,1664,NA,1625,2508,NA,351,6148,1303,386327
4/1/2007,2007,14,1.40042,1.36978,1445,NA,1379,1803,NA,331,4958,1284,361955
4/8/2007,2007,15,1.46887,1.36317,1429,NA,1274,1821,NA,345,4869,1240,357183
4/15/2007,2007,16,1.15514,1.1737,1257,NA,1112,1523,NA,287,4179,1206,356055
4/22/2007,2007,17,1.07901,1.06358,1152,NA,937,1386,NA,220,3695,1152,347413
4/29/2007,2007,18,0.98492,0.969711,969,NA,755,1143,NA,210,3077,1119,317311
5/6/2007,2007,19,1.03325,0.965362,917,NA,713,1055,NA,175,2860,1057,296262
5/13/2007,2007,20,0.926649,0.856749,815,NA,590,861,NA,176,2442,1025,285031
5/20/2007,2007,21,0.9201,0.863346,761,NA,561,785,NA,136,2243,925,259803
5/27/2007,2007,22,0.954094,0.93537,722,NA,554,652,NA,130,2058,831,220020
6/3/2007,2007,23,0.763278,0.745569,628,NA,422,510,NA,119,1679,796,225197
6/10/2007,2007,24,0.81722,0.740428,598,NA,413,469,NA,134,1614,771,217982
6/17/2007,2007,25,0.764586,0.672897,521,NA,394,441,NA,100,1456,749,216378
6/24/2007,2007,26,0.793127,0.666282,514,NA,431,408,NA,102,1455,742,218376
7/1/2007,2007,27,0.66909,0.662747,394,NA,313,360,NA,102,1169,711,176387
7/8/2007,2007,28,0.62115,0.545619,366,NA,296,372,NA,52,1086,697,199040
7/15/2007,2007,29,0.603659,0.586231,446,NA,335,345,NA,85,1211,698,206574
7/22/2007,2007,30,0.649058,0.660687,477,NA,391,392,NA,96,1356,691,205241
7/29/2007,2007,31,0.568338,0.534093,321,NA,344,311,NA,61,1037,677,194161
8/5/2007,2007,32,0.651546,0.585549,389,NA,320,385,NA,78,1172,667,200154
8/12/2007,2007,33,0.652176,0.618075,439,NA,338,411,NA,95,1283,666,207580
8/19/2007,2007,34,0.803849,0.687465,495,NA,408,457,NA,88,1448,671,210629
8/26/2007,2007,35,0.787458,0.715696,502,NA,416,500,NA,108,1526,652,213219
9/2/2007,2007,36,0.943263,0.829313,519,NA,417,545,NA,73,1554,641,187384
9/9/2007,2007,37,0.946932,0.800912,496,NA,417,682,NA,99,1694,638,211509
9/16/2007,2007,38,0.987146,0.918484,609,NA,502,681,NA,121,1913,632,208278
9/23/2007,2007,39,1.05206,0.814259,729,NA,583,788,NA,128,2228,703,273623
9/30/2007,2007,40,0.995184,1.07197,2187,NA,1167,1997,NA,290,5641,1373,526227
10/7/2007,2007,41,1.22003,1.21786,2387,NA,1321,2433,NA,303,6444,1429,529126
10/14/2007,2007,42,1.28548,1.24576,2583,NA,1455,2551,NA,352,6941,1449,557172
10/21/2007,2007,43,1.3775,1.35984,2871,NA,1400,2788,NA,375,7434,1477,546680
10/28/2007,2007,44,1.46725,1.44671,3074,NA,1475,2998,NA,368,7915,1485,547104
11/4/2007,2007,45,1.55841,1.53286,3398,NA,1609,3303,NA,377,8687,1539,566717
11/11/2007,2007,46,1.61958,1.66653,3563,NA,1780,3290,NA,471,9104,1516,546284
11/18/2007,2007,47,1.8112,1.97488,3651,NA,1812,2631,NA,476,8570,1523,433951
11/25/2007,2007,48,1.61865,1.67305,3679,NA,1921,3158,NA,413,9171,1513,548159
12/2/2007,2007,49,1.62124,1.63405,3365,NA,1772,2907,NA,392,8436,1487,516263
12/9/2007,2007,50,1.67351,1.74595,3298,NA,1697,2694,NA,402,8091,1453,463416
12/16/2007,2007,51,1.95096,1.93643,3580,NA,1987,2724,NA,459,8750,1420,451862
12/23/2007,2007,52,2.50019,2.48905,3848,NA,2184,2348,NA,522,8902,1426,357646
12/30/2007,2008,1,2.43939,2.25405,3737,NA,2731,2568,NA,670,9706,1486,430603
1/6/2008,2008,2,2.29319,2.09147,3393,NA,3262,3644,NA,816,11115,1509,531444
1/13/2008,2008,3,2.62907,2.35934,3664,NA,3038,4900,NA,595,12197,1511,516966
1/20/2008,2008,4,3.92966,3.32331,4289,NA,4499,7661,NA,722,17171,1508,516683
1/27/2008,2008,5,4.99202,4.43381,5222,NA,6595,11974,NA,1021,24812,1514,559609
2/3/2008,2008,6,5.7776,5.34547,6059,NA,9212,15323,NA,1302,31896,1526,596692
2/10/2008,2008,7,5.98318,5.42258,6244,NA,9487,14336,NA,1558,31625,1518,583210
2/17/2008,2008,8,5.61677,5.30303,5922,NA,9812,12783,NA,1728,30245,1497,570334
2/24/2008,2008,9,4.53234,4.24456,4978,NA,8583,9958,NA,1508,25027,1453,589626
3/2/2008,2008,10,3.83249,3.628,4420,NA,6781,7849,NA,1204,20254,1445,558269
3/9/2008,2008,11,3.21522,3.03463,3878,NA,5676,6112,NA,1048,16714,1412,550776
3/16/2008,2008,12,2.69245,2.53595,3153,NA,4520,4493,NA,874,13040,1395,514205
3/23/2008,2008,13,2.03366,2.0573,2689,NA,3496,3395,NA,796,10376,1379,504350
3/30/2008,2008,14,1.65275,1.7415,2372,NA,2872,2697,NA,642,8583,1327,492850
4/6/2008,2008,15,1.3113,1.40652,2045,NA,2160,2354,NA,486,7045,1318,500881
4/13/2008,2008,16,1.1652,1.26861,1857,NA,1802,2013,NA,407,6079,1288,479187
4/20/2008,2008,17,1.02035,1.07719,1572,NA,1345,1713,NA,323,4953,1208,459808
4/27/2008,2008,18,0.877607,0.993445,1466,NA,1107,1416,NA,235,4224,1147,425187
5/4/2008,2008,19,0.825107,0.911212,1356,NA,1066,1381,NA,208,4011,1098,440183
5/11/2008,2008,20,0.787315,0.972109,1439,NA,980,1274,NA,211,3904,1074,401601
5/18/2008,2008,21,0.805439,0.993258,1393,NA,926,1116,NA,211,3646,945,367075
5/25/2008,2008,22,0.886061,1.09132,1473,NA,1004,1083,NA,243,3803,869,348477
6/1/2008,2008,23,0.743743,0.888446,1159,NA,729,906,NA,139,2933,789,330127
6/8/2008,2008,24,0.706842,0.887691,1113,NA,720,886,NA,187,2906,764,327366
6/15/2008,2008,25,0.655943,0.883187,1115,NA,712,855,NA,160,2842,755,321789
6/22/2008,2008,26,0.633492,0.826756,937,NA,654,810,NA,133,2534,730,306499
6/29/2008,2008,27,0.571837,0.783201,913,NA,575,762,NA,155,2405,713,307073
7/6/2008,2008,28,0.558278,0.78061,881,NA,669,749,NA,132,2431,710,311423
7/13/2008,2008,29,0.597893,0.769073,826,NA,619,703,NA,171,2319,696,301532
7/20/2008,2008,30,0.577222,0.721298,779,NA,552,704,NA,131,2166,694,300292
7/27/2008,2008,31,0.596987,0.752527,788,NA,599,763,NA,139,2289,676,304175
8/3/2008,2008,32,0.564653,0.752721,679,NA,619,706,NA,216,2220,668,294930
8/10/2008,2008,33,0.585682,0.792766,789,NA,650,745,NA,184,2368,657,298701
8/17/2008,2008,34,0.503985,0.743896,730,NA,619,754,NA,134,2237,657,300714
8/24/2008,2008,35,0.468139,0.814166,794,NA,616,892,NA,127,2429,636,298342
8/31/2008,2008,36,0.576455,0.838401,774,NA,663,880,NA,144,2461,666,293535
9/7/2008,2008,37,0.681361,0.851124,859,NA,758,994,NA,177,2788,685,327567
9/14/2008,2008,38,0.794764,1.10976,1062,NA,958,1527,NA,188,3735,679,336560
9/21/2008,2008,39,0.868116,1.03114,983,NA,932,1306,NA,179,3400,716,329731
9/28/2008,2008,40,1.06828,1.02284,1535,NA,1476,2352,NA,324,5687,1435,555999
10/5/2008,2008,41,1.00756,1.03017,1861,NA,1485,2291,NA,322,5959,1500,578446
10/12/2008,2008,42,0.979399,1.01245,1869,NA,1467,2219,NA,341,5896,1525,582351
10/19/2008,2008,43,1.04943,1.08359,1976,NA,1668,2474,NA,367,6485,1527,598473
10/26/2008,2008,44,1.13218,1.16578,2119,NA,1869,2547,NA,452,6987,1545,599343
11/2/2008,2008,45,1.13156,1.1913,2276,NA,1981,2668,NA,372,7297,1555,612526
11/9/2008,2008,46,1.15469,1.28075,2512,NA,1889,2854,NA,412,7667,1555,598635
11/16/2008,2008,47,1.20448,1.27053,2600,NA,1893,2828,NA,412,7733,1563,608646
11/23/2008,2008,48,1.36081,1.59578,3024,NA,1741,2412,NA,457,7634,1523,478386
11/30/2008,2008,49,1.30322,1.4585,3114,NA,2212,2913,NA,469,8708,1551,597052
12/7/2008,2008,50,1.30204,1.49921,3252,NA,1974,3024,NA,439,8689,1543,579573
12/14/2008,2008,51,1.45109,1.62982,3137,NA,1640,2579,NA,456,7812,1416,479318
12/21/2008,2008,52,1.79927,2.15561,3897,NA,1947,2367,NA,495,8706,1484,403876
12/28/2008,2008,53,2.12134,2.02053,3814,NA,2163,2042,NA,584,8603,1490,425780
1/4/2009,2009,1,1.47138,1.54566,3245,NA,2606,2548,NA,557,8956,1539,579428
1/11/2009,2009,2,1.61555,1.64224,3142,NA,2329,3345,NA,473,9289,1512,565631
1/18/2009,2009,3,1.95333,1.96524,3602,NA,2821,4597,NA,436,11456,1566,582932
1/25/2009,2009,4,2.42907,2.34368,4039,NA,3215,6602,NA,468,14324,1554,611176
2/1/2009,2009,5,2.96686,2.86057,4606,NA,4240,8882,NA,540,18268,1580,638613
2/8/2009,2009,6,3.57354,3.3421,5064,NA,4636,11215,NA,752,21667,1569,648304
2/15/2009,2009,7,3.36653,3.20566,4848,NA,4685,9851,NA,638,20022,1543,624583
2/22/2009,2009,8,3.2962,3.10049,4694,NA,5007,10092,NA,657,20450,1544,659573
3/1/2009,2009,9,3.17227,2.95819,4420,NA,4272,9116,NA,633,18441,1534,623389
3/8/2009,2009,10,2.5804,2.46381,4046,NA,3601,7446,NA,618,15711,1524,637672
3/15/2009,2009,11,2.42922,2.19272,3657,NA,3002,6036,NA,582,13277,1494,605503
3/22/2009,2009,12,1.99028,1.87395,3237,NA,2661,5052,NA,450,11400,1470,608342
3/29/2009,2009,13,1.72423,1.64817,2829,NA,2158,4283,NA,399,9669,1440,586651
4/5/2009,2009,14,1.60355,1.49878,2577,NA,2085,3407,NA,391,8460,1422,564460
4/12/2009,2009,15,1.28418,1.29233,2371,NA,1727,2761,NA,363,7222,1415,558837
4/19/2009,2009,16,1.2932,1.27164,2353,NA,1743,2855,NA,397,7348,1445,577836
4/26/2009,2009,17,2.74012,2.98159,4821,NA,5093,8043,NA,670,18627,1405,624734
5/3/2009,2009,18,2.22391,2.43702,3920,NA,3875,6221,NA,562,14578,1422,598189
5/10/2009,2009,19,1.76657,2.2813,3236,NA,3018,5888,NA,412,12554,1372,550300
5/17/2009,2009,20,1.92171,3.81572,4188,NA,4136,12026,NA,424,20774,1331,544432
5/24/2009,2009,21,1.8611,4.21315,4496,NA,4950,12461,NA,487,22394,1314,531526
5/31/2009,2009,22,1.68423,3.17832,3865,NA,4213,8615,NA,412,17105,1305,538177
6/7/2009,2009,23,1.7393,2.50972,3072,NA,3276,5660,NA,384,12392,1296,493761
6/14/2009,2009,24,1.83001,2.06632,2623,NA,3084,4740,NA,333,10780,1280,521701
6/21/2009,2009,25,1.58128,1.71805,2299,NA,2476,3700,NA,326,8801,1279,512268
6/28/2009,2009,26,1.49172,1.55965,2145,NA,2023,2893,NA,361,7422,1237,475877
7/5/2009,2009,27,1.389,1.30856,1701,NA,1815,2481,NA,293,6290,1246,480680
7/12/2009,2009,28,1.34702,1.18695,1581,NA,1708,2437,NA,238,5964,1248,502466
7/19/2009,2009,29,1.16056,1.13796,1608,NA,1611,2285,NA,231,5735,1248,503971
7/26/2009,2009,30,1.2085,1.15005,1519,NA,1575,2199,NA,294,5587,1254,485804
8/2/2009,2009,31,1.15544,1.11262,1651,NA,1530,2082,NA,263,5526,1230,496666
8/9/2009,2009,32,1.14518,1.16142,1645,NA,1646,2321,NA,265,5877,1234,506019
8/16/2009,2009,33,1.4664,1.64107,2167,NA,2168,4210,NA,396,8941,1286,544827
8/23/2009,2009,34,2.38017,2.47166,2883,NA,2977,8253,NA,443,14556,1320,588916
8/30/2009,2009,35,3.44681,3.71969,3713,NA,3982,13114,NA,541,21350,1358,573972
9/6/2009,2009,36,4.05315,3.94975,4087,NA,4547,13407,NA,520,22561,1367,571201
9/13/2009,2009,37,4.26621,4.08756,4445,NA,5668,15326,NA,652,26091,1380,638302
9/20/2009,2009,38,4.21579,4.01897,4462,NA,5252,14152,NA,588,24454,1313,608464
9/27/2009,2009,39,4.8861,4.60362,4974,NA,6090,16291,NA,564,27919,1331,606458
10/4/2009,2009,40,6.06923,5.66087,9302,8554,NA,27406,2255,903,48420,2056,855346
10/11/2009,2009,41,7.09467,6.81522,11527,10271,NA,32585,2800,1013,58196,2134,853912
10/18/2009,2009,42,7.7151,7.61889,13187,12399,NA,39364,3048,1070,69068,2162,906536
10/25/2009,2009,43,7.55134,7.38836,13174,12166,NA,36860,3083,1128,66411,2167,898860
11/1/2009,2009,44,6.67118,6.33927,12161,10250,NA,30860,2672,1074,57017,2197,899425
11/8/2009,2009,45,5.20633,4.94349,10151,8174,NA,21112,2314,978,42729,2191,864348
11/15/2009,2009,46,4.04477,3.80996,8979,6163,NA,14652,1843,883,32520,2157,853552
11/22/2009,2009,47,3.49722,3.44106,7716,4378,NA,8237,1406,771,22508,2146,654101
11/29/2009,2009,48,2.69023,2.66773,7195,4259,NA,7988,1470,818,21730,2122,814550
12/6/2009,2009,49,2.47119,2.47183,6490,3588,NA,7218,1314,715,19325,2093,781811
12/13/2009,2009,50,2.44773,2.345,6275,3249,NA,5785,1113,659,17081,2014,728401
12/20/2009,2009,51,2.64594,2.71435,6078,2677,NA,4127,1049,644,14575,1934,536961
12/27/2009,2009,52,2.61567,2.67667,6598,3202,NA,3726,1284,803,15613,1937,583299
1/3/2010,2010,1,1.90712,1.98284,4998,3333,NA,3961,1244,763,14299,1996,721138
1/10/2010,2010,2,1.86738,1.82749,4877,2793,NA,4614,1182,622,14088,2016,770895
1/17/2010,2010,3,1.88072,1.92606,5399,2693,NA,5079,1008,578,14757,2053,766177
1/24/2010,2010,4,1.96908,1.92495,5333,2560,NA,5655,1046,528,15122,2026,785580
1/31/2010,2010,5,2.11387,2.08877,5816,2581,NA,6142,948,550,16037,1996,767773
2/7/2010,2010,6,2.09695,2.03434,5496,2644,NA,5577,1006,658,15381,1977,756068
2/14/2010,2010,7,1.90294,1.97649,5388,2649,NA,5536,994,498,15065,1954,762208
2/21/2010,2010,8,1.96951,1.99362,5040,2943,NA,6207,1218,679,16087,1990,806925
2/28/2010,2010,9,1.92331,1.85383,4281,2763,NA,5685,1085,672,14486,1953,781411
3/7/2010,2010,10,1.89659,1.8673,4612,2660,NA,5270,1112,700,14354,1946,768702
3/14/2010,2010,11,1.75181,1.69987,4063,2468,NA,4466,976,628,12601,1933,741293
3/21/2010,2010,12,1.52632,1.49741,3625,2097,NA,4108,827,534,11191,1917,747358
3/28/2010,2010,13,1.49572,1.45112,3408,1954,NA,3733,736,528,10359,1875,713863
4/4/2010,2010,14,1.22313,1.20715,3090,1718,NA,2933,644,428,8813,1850,730068
4/11/2010,2010,15,1.17754,1.17415,3117,1572,NA,3110,598,404,8801,1831,749563
4/18/2010,2010,16,1.09112,1.16207,2921,1461,NA,3044,522,414,8362,1765,719580
4/25/2010,2010,17,1.11958,1.17213,3081,1435,NA,2972,557,395,8440,1755,720054
5/2/2010,2010,18,1.08169,1.12168,2781,1385,NA,2901,482,365,7914,1710,705551
5/9/2010,2010,19,1.12497,1.14981,2851,1363,NA,2645,491,347,7697,1664,669414
5/16/2010,2010,20,1.06197,1.13328,2816,1364,NA,2553,498,372,7603,1624,670887
5/23/2010,2010,21,1.08909,1.08171,2636,1235,NA,2188,445,349,6853,1497,633532
5/30/2010,2010,22,1.1776,1.19959,2413,1212,NA,2172,463,335,6595,1421,549773
6/6/2010,2010,23,0.97493,0.952808,2147,1081,NA,1831,374,322,5755,1435,604004
6/13/2010,2010,24,0.987132,0.916032,1975,978,NA,1784,339,240,5316,1405,580329
6/20/2010,2010,25,0.995991,0.926582,2027,882,NA,1779,397,249,5334,1384,575664
6/27/2010,2010,26,0.904726,0.86962,1754,862,NA,1541,323,238,4718,1347,542536
7/4/2010,2010,27,0.941927,0.903133,1753,816,NA,1566,334,222,4691,1353,519414
7/11/2010,2010,28,0.880415,0.773776,1458,819,NA,1450,298,209,4234,1284,547187
7/18/2010,2010,29,0.842615,0.742774,1323,759,NA,1335,335,198,3950,1265,531790
7/25/2010,2010,30,0.858382,0.730934,1290,805,NA,1279,302,174,3850,1250,526723
8/1/2010,2010,31,0.83383,0.786882,1381,839,NA,1357,291,209,4077,1241,518121
8/8/2010,2010,32,0.847437,0.763051,1378,809,NA,1307,300,214,4008,1212,525260
8/15/2010,2010,33,0.888273,0.841043,1485,883,NA,1592,360,198,4518,1225,537190
8/22/2010,2010,34,0.765372,0.791573,1520,811,NA,1592,295,202,4420,1235,558382
8/29/2010,2010,35,0.91858,0.912732,1564,1019,NA,1866,354,204,5007,1170,548573
9/5/2010,2010,36,1.01432,1.03398,1850,1076,NA,1959,374,234,5493,1198,531250
9/12/2010,2010,37,1.01233,0.934009,1720,1061,NA,2118,358,253,5510,1210,589930
9/19/2010,2010,38,1.11803,1.08189,2134,1291,NA,2510,480,326,6741,1206,623077
9/26/2010,2010,39,1.11806,1.06563,1995,1269,NA,2383,446,294,6387,1254,599366
10/3/2010,2010,40,1.10939,1.13505,2627,1677,NA,3142,627,400,8473,1838,746485
10/10/2010,2010,41,1.24341,1.25256,2953,1779,NA,3522,649,444,9347,1875,746230
10/17/2010,2010,42,1.25726,1.2457,3044,1898,NA,3641,690,411,9684,1907,777397
10/24/2010,2010,43,1.25734,1.26774,3226,1754,NA,3822,682,420,9904,1929,781234
10/31/2010,2010,44,1.43414,1.43723,3451,1981,NA,4397,736,455,11020,1947,766753
11/7/2010,2010,45,1.51838,1.53341,3927,1956,NA,4679,734,511,11807,1940,769982
11/14/2010,2010,46,1.61617,1.69445,4416,2327,NA,5322,774,497,13336,1921,787038
11/21/2010,2010,47,1.84378,1.9915,4598,2043,NA,4145,743,550,12079,1938,606527
11/28/2010,2010,48,1.72535,1.81305,5045,2440,NA,4978,915,619,13997,1964,772016
12/5/2010,2010,49,1.87923,2.01426,5060,2511,NA,5867,893,627,14958,1936,742606
12/12/2010,2010,50,2.3371,2.55659,6300,2847,NA,7194,1031,650,18022,1916,704923
12/19/2010,2010,51,3.03533,3.38185,7295,3433,NA,7071,1262,838,19899,1840,588406
12/26/2010,2010,52,3.136,3.43172,7478,4455,NA,5764,1581,1068,20346,1887,592880
1/2/2011,2011,1,2.53336,2.69151,6584,4455,NA,6342,1586,1059,20026,1923,744043
1/9/2011,2011,2,2.91288,2.91063,6238,4220,NA,7773,1537,953,20721,1921,711908
1/16/2011,2011,3,3.44497,3.49232,7247,5095,NA,11243,1734,938,26257,1964,751850
1/23/2011,2011,4,4.16185,4.0037,8007,5952,NA,15291,1794,931,31975,1947,798637
1/30/2011,2011,5,4.55159,4.43534,8195,6536,NA,16366,1990,1197,34284,1970,772974
2/6/2011,2011,6,4.46504,4.24215,8036,6812,NA,16516,1996,1096,34456,1961,812230
2/13/2011,2011,7,4.55124,4.39719,8172,7257,NA,17493,2352,1293,36567,1910,831600
2/20/2011,2011,8,4.0822,3.90256,7839,6425,NA,13718,2028,1267,31277,1908,801449
2/27/2011,2011,9,3.38812,3.15073,6376,4869,NA,10496,1740,1146,24627,1860,781629
3/6/2011,2011,10,2.99142,2.72422,5691,3939,NA,8427,1421,899,20377,1829,747993
3/13/2011,2011,11,2.61542,2.33336,5363,3265,NA,6702,1175,804,17309,1823,741807
3/20/2011,2011,12,2.09065,1.925,4400,2551,NA,5489,978,613,14031,1790,728883
3/27/2011,2011,13,1.86146,1.75243,4189,2244,NA,5025,877,622,12957,1770,739375
4/3/2011,2011,14,1.61377,1.57704,3701,1985,NA,4557,747,508,11498,1723,729089
4/10/2011,2011,15,1.42199,1.35766,3164,1574,NA,3562,641,450,9391,1681,691707
4/17/2011,2011,16,1.3382,1.31223,3139,1505,NA,3064,559,428,8695,1651,662612
4/24/2011,2011,17,1.19995,1.14937,2895,1324,NA,2673,555,383,7830,1612,681240
5/1/2011,2011,18,1.14889,1.11451,2532,1305,NA,2553,524,393,7307,1585,655627
5/8/2011,2011,19,1.12194,1.10984,2551,1254,NA,2595,485,351,7236,1556,651983
5/15/2011,2011,20,1.06712,1.0524,2353,1131,NA,2280,461,305,6530,1516,620485
5/22/2011,2011,21,1.05058,1.03536,2213,1045,NA,2110,405,299,6072,1381,586460
5/29/2011,2011,22,1.15203,1.11777,2249,1013,NA,1980,397,307,5946,1357,531954
6/5/2011,2011,23,0.970975,0.982949,2040,1037,NA,1760,432,278,5547,1296,564322
6/12/2011,2011,24,0.894683,0.925194,1812,911,NA,1599,405,262,4989,1279,539238
6/19/2011,2011,25,0.843568,0.835531,1604,870,NA,1422,308,244,4448,1251,532356
6/26/2011,2011,26,0.815409,0.832393,1472,750,NA,1462,324,210,4218,1225,506732
7/3/2011,2011,27,0.823052,0.855591,1423,823,NA,1269,270,224,4009,1211,468565
7/10/2011,2011,28,0.674635,0.706949,1255,756,NA,1206,316,188,3721,1220,526346
7/17/2011,2011,29,0.631883,0.694387,1243,733,NA,1184,259,178,3597,1203,518011
7/24/2011,2011,30,0.641513,0.687976,1251,667,NA,1188,263,169,3538,1179,514262
7/31/2011,2011,31,0.529813,0.644743,1088,635,NA,1125,203,151,3202,1175,496632
8/7/2011,2011,32,0.644089,0.67533,1207,704,NA,1223,231,158,3523,1175,521671
8/14/2011,2011,33,0.667718,0.72823,1342,767,NA,1358,241,166,3874,1191,531975
8/21/2011,2011,34,0.705668,0.806526,1505,814,NA,1600,305,220,4444,1195,551005
8/28/2011,2011,35,0.804155,0.860408,1528,887,NA,1781,308,213,4717,1200,548228
9/4/2011,2011,36,0.907804,0.936075,1622,904,NA,1809,293,185,4813,1184,514168
9/11/2011,2011,37,1.00555,0.966683,1788,1022,NA,2206,346,205,5567,1196,575887
9/18/2011,2011,38,1.03601,0.996007,1816,1126,NA,2264,374,242,5822,1201,584534
9/25/2011,2011,39,1.07583,1.10846,2248,1253,NA,2514,449,244,6708,1213,605162
10/2/2011,2011,40,1.16092,1.20345,3106,1765,NA,3485,632,377,9365,1850,778182
10/9/2011,2011,41,1.19785,1.23777,3317,1777,NA,3667,672,370,9803,1883,791987
10/16/2011,2011,42,1.27926,1.25259,3324,1763,NA,3837,655,379,9958,1905,794995
10/23/2011,2011,43,1.29194,1.30546,3453,1773,NA,4035,657,380,10298,1900,788840
10/30/2011,2011,44,1.42824,1.45295,3634,1957,NA,4658,760,387,11396,1925,784334
11/6/2011,2011,45,1.39803,1.44089,3949,2072,NA,4348,671,456,11496,1946,797839
11/13/2011,2011,46,1.45831,1.46221,3923,2166,NA,4361,797,474,11721,1900,801594
11/20/2011,2011,47,1.56548,1.65573,4125,1803,NA,3340,679,430,10377,1918,626731
11/27/2011,2011,48,1.34313,1.46606,4237,2059,NA,3955,815,413,11479,1904,782984
12/4/2011,2011,49,1.48139,1.51811,3995,1938,NA,4040,772,442,11187,1898,736905
12/11/2011,2011,50,1.63398,1.66429,4579,2077,NA,4097,838,546,12137,1872,729258
12/18/2011,2011,51,1.83126,1.85274,5016,2068,NA,3535,818,521,11958,1851,645424
12/25/2011,2011,52,2.10451,2.12413,5243,2315,NA,3184,946,668,12356,1821,581697
1/1/2012,2012,1,1.73625,1.76709,4514,2342,NA,3393,1028,715,11992,1891,678631
1/8/2012,2012,2,1.55066,1.5434,4059,2319,NA,3636,918,611,11543,1883,747894
1/15/2012,2012,3,1.62891,1.64762,4364,2247,NA,4030,800,498,11939,1887,724623
1/22/2012,2012,4,1.76038,1.6843,4766,2303,NA,4802,825,513,13209,1891,784244
1/29/2012,2012,5,1.92728,1.86354,5218,2415,NA,5336,915,564,14448,1885,775298
2/5/2012,2012,6,1.91994,1.86408,5028,2582,NA,5555,894,565,14624,1875,784516
2/12/2012,2012,7,2.09951,2.01839,5277,2937,NA,5994,1054,667,15929,1884,789193
2/19/2012,2012,8,2.23973,2.10385,5246,3009,NA,5990,1131,761,16137,1853,767022
2/26/2012,2012,9,2.21921,2.09555,5219,3141,NA,6239,1153,766,16518,1826,788242
3/4/2012,2012,10,2.16693,2.10398,4811,2832,NA,6493,998,629,15763,1816,749198
3/11/2012,2012,11,2.38913,2.2941,5175,3321,NA,6768,1185,701,17150,1819,747570
3/18/2012,2012,12,1.96466,1.92223,4422,2822,NA,5683,988,609,14524,1780,755579
3/25/2012,2012,13,1.84229,1.74239,3807,2485,NA,5256,920,549,13017,1753,747079
4/1/2012,2012,14,1.68674,1.67601,3582,2306,NA,4631,839,572,11930,1729,711808
4/8/2012,2012,15,1.53136,1.49637,3253,2109,NA,4059,767,544,10732,1707,717202
4/15/2012,2012,16,1.37912,1.38202,3001,1990,NA,4020,719,393,10123,1699,732480
4/22/2012,2012,17,1.29515,1.28926,2638,1831,NA,3802,664,435,9370,1675,726772
4/29/2012,2012,18,1.39521,1.35803,2509,1728,NA,3671,636,455,8999,1564,662649
5/6/2012,2012,19,1.32522,1.30833,2524,1559,NA,3468,606,419,8576,1546,655492
5/13/2012,2012,20,1.23059,1.26692,2465,1547,NA,3087,588,375,8062,1503,636347
5/20/2012,2012,21,1.23028,1.27731,2545,1461,NA,3011,483,378,7878,1415,616765
5/27/2012,2012,22,1.26877,1.2991,2480,1276,NA,2601,446,350,7153,1409,550614
6/3/2012,2012,23,1.10782,1.16297,2336,1281,NA,2352,458,338,6765,1365,581700
6/10/2012,2012,24,1.09559,1.08612,2231,1150,NA,2024,428,300,6133,1289,564670
6/17/2012,2012,25,1.11031,1.0568,2259,1119,NA,1974,411,285,6048,1295,572296
6/24/2012,2012,26,1.10616,1.07871,2168,1058,NA,1850,422,288,5786,1260,536380
7/1/2012,2012,27,1.10816,1.04662,1911,1013,NA,1706,388,273,5291,1271,505533
7/8/2012,2012,28,0.999444,0.928152,1913,964,NA,1751,337,220,5185,1240,558637
7/15/2012,2012,29,0.924199,0.901936,1818,914,NA,1640,318,241,4931,1223,546713
7/22/2012,2012,30,0.949257,0.915356,1752,975,NA,1721,372,283,5103,1250,557488
7/29/2012,2012,31,0.978903,0.952548,1728,1050,NA,1706,408,267,5159,1240,541600
8/5/2012,2012,32,0.925024,0.916661,1660,989,NA,1718,375,284,5026,1248,548294
8/12/2012,2012,33,0.848456,0.901787,1721,986,NA,1755,357,232,5051,1238,560110
8/19/2012,2012,34,1.04451,1.03315,2098,1194,NA,2128,425,296,6141,1238,594395
8/26/2012,2012,35,1.0986,1.05238,1958,1305,NA,2335,443,277,6318,1238,600354
9/2/2012,2012,36,1.22071,1.12713,1886,1317,NA,2294,481,318,6296,1242,558585
9/9/2012,2012,37,1.24976,1.1866,2176,1408,NA,2870,513,415,7382,1252,622114
9/16/2012,2012,38,1.22892,1.21415,2295,1530,NA,2972,511,348,7656,1268,630563
9/23/2012,2012,39,1.29393,1.25198,2421,1546,NA,2867,575,398,7807,1248,623572
9/30/2012,2012,40,1.23034,1.20559,2773,1814,NA,3691,702,415,9395,1932,779285
10/7/2012,2012,41,1.3278,1.31929,2960,1957,NA,4007,745,489,10158,1940,769959
10/14/2012,2012,42,1.33995,1.32737,3202,1902,NA,4233,760,488,10585,1968,797444
10/21/2012,2012,43,1.37842,1.36688,3346,2012,NA,4268,771,516,10913,1958,798388
10/28/2012,2012,44,1.50085,1.50535,3326,2032,NA,4422,797,484,11061,1929,734781
11/4/2012,2012,45,1.65163,1.61273,3733,2330,NA,5145,925,541,12674,1974,785871
11/11/2012,2012,46,1.76746,1.75208,4034,2569,NA,5526,897,597,13623,1966,777534
11/18/2012,2012,47,2.30609,2.33365,4651,2824,NA,5387,1105,683,14650,1968,627772
11/25/2012,2012,48,2.16324,2.2268,5102,3950,NA,7018,1498,953,18521,2006,831730
12/2/2012,2012,49,2.83038,2.97657,6486,4672,NA,10857,1791,1071,24877,2006,835762
12/9/2012,2012,50,3.43761,3.62552,7446,5692,NA,12945,2087,1262,29432,1977,811800
12/16/2012,2012,51,4.30554,4.5532,8546,7437,NA,13971,2730,1648,34332,1908,754019
12/23/2012,2012,52,6.06082,6.02598,9709,9295,NA,11391,3639,2554,36588,1905,607171
12/30/2012,2013,1,4.64931,4.96368,8444,9679,NA,9108,4080,2792,34103,1982,687051
1/6/2013,2013,2,4.32584,4.69072,8297,10877,NA,13424,4502,2796,39896,1995,850531
1/13/2013,2013,3,4.51113,4.70473,8633,8977,NA,15992,3523,2316,39441,2008,838326
1/20/2013,2013,4,4.2171,4.1646,7441,7021,NA,13439,2760,1765,32426,1978,778610
1/27/2013,2013,5,3.78956,3.69533,6609,6421,NA,12653,2551,1574,29808,1963,806640
2/3/2013,2013,6,3.29206,3.2363,5757,5236,NA,10816,1971,1207,24987,1931,772086
2/10/2013,2013,7,3.0197,2.89421,5289,4698,NA,9395,1894,1045,22321,1926,771229
2/17/2013,2013,8,2.71499,2.71742,5099,4357,NA,8415,1625,1023,20519,1940,755092
2/24/2013,2013,9,2.4845,2.52297,4633,4030,NA,7981,1619,968,19231,1893,762238
3/3/2013,2013,10,2.57808,2.55227,4791,3935,NA,7709,1536,858,18829,1884,737736
3/10/2013,2013,11,2.39237,2.43225,4480,3606,NA,7065,1352,889,17392,1846,715059
3/17/2013,2013,12,2.06778,2.10851,3957,3191,NA,6095,1270,741,15254,1825,723449
3/24/2013,2013,13,1.90281,1.94725,3830,2924,NA,5204,1124,632,13714,1811,704276
3/31/2013,2013,14,1.65902,1.74859,3516,2677,NA,4299,1106,675,12273,1769,701881
4/7/2013,2013,15,1.43006,1.49713,3110,2219,NA,3929,957,603,10818,1742,722583
4/14/2013,2013,16,1.27757,1.32313,2707,1757,NA,3509,724,491,9188,1732,694415
4/21/2013,2013,17,1.19009,1.22647,2588,1630,NA,3364,582,425,8589,1711,700300
4/28/2013,2013,18,1.09556,1.19614,2439,1470,NA,3142,565,370,7986,1675,667648
5/5/2013,2013,19,1.08589,1.19049,2422,1474,NA,2877,570,361,7704,1630,647130
5/12/2013,2013,20,1.07343,1.17426,2431,1345,NA,2583,565,393,7317,1582,623114
5/19/2013,2013,21,1.01677,1.13342,2230,1279,NA,2219,493,368,6589,1489,581338
5/26/2013,2013,22,1.04847,1.14306,2109,1147,NA,2094,483,357,6190,1486,541528
6/2/2013,2013,23,0.920349,1.00881,1983,1086,NA,1779,460,330,5638,1421,558875
6/9/2013,2013,24,0.920779,1.02358,1969,1112,NA,1713,468,277,5539,1419,541138
6/16/2013,2013,25,0.904333,1.00138,1877,1040,NA,1766,489,302,5474,1405,546643
6/23/2013,2013,26,0.83057,0.909498,1703,947,NA,1581,399,285,4915,1389,540408
6/30/2013,2013,27,0.862837,0.950042,1594,851,NA,1489,321,251,4506,1357,474295
7/7/2013,2013,28,0.732182,0.829299,1576,862,NA,1491,362,219,4510,1362,543833
7/14/2013,2013,29,0.724558,0.802109,1432,849,NA,1405,315,185,4186,1341,521874
7/21/2013,2013,30,0.740848,0.806333,1416,800,NA,1464,332,221,4233,1325,524969
7/28/2013,2013,31,0.726037,0.796937,1216,852,NA,1284,350,184,3886,1290,487617
8/4/2013,2013,32,0.755639,0.779136,1367,870,NA,1338,302,198,4075,1299,523015
8/11/2013,2013,33,0.761847,0.797653,1364,919,NA,1366,331,188,4168,1276,522533
8/18/2013,2013,34,0.779896,0.825485,1331,892,NA,1561,301,232,4317,1265,522965
8/25/2013,2013,35,0.899138,0.935469,1499,1014,NA,1814,410,316,5053,1260,540157
9/1/2013,2013,36,0.999524,1.04345,1681,1137,NA,2035,462,311,5626,1317,539175
9/8/2013,2013,37,1.0558,1.09107,1926,1217,NA,2437,440,354,6374,1307,584196
9/15/2013,2013,38,1.0967,1.20108,2175,1350,NA,2683,537,365,7110,1290,591969
9/22/2013,2013,39,1.24709,1.26179,2393,1500,NA,2963,648,459,7963,1364,631088
9/29/2013,2013,40,1.15746,1.13249,2974,1840,NA,3769,638,456,9677,1960,854487
10/6/2013,2013,41,1.27184,1.21121,3276,1924,NA,3925,762,533,10420,1990,860298
10/13/2013,2013,42,1.31623,1.25682,3483,2010,NA,3880,785,500,10658,2018,848016
10/20/2013,2013,43,1.37444,1.37097,3930,2292,NA,4484,816,514,12036,2027,877917
10/27/2013,2013,44,1.46781,1.42956,4045,2354,NA,4642,930,531,12502,2028,874537
11/3/2013,2013,45,1.5834,1.53588,4434,2511,NA,5062,953,538,13498,2017,878845
11/10/2013,2013,46,1.60253,1.60267,4643,2716,NA,5000,990,578,13927,2054,868987
11/17/2013,2013,47,1.72344,1.73267,4835,3088,NA,5579,1083,583,15168,2012,875411
11/24/2013,2013,48,2.11076,2.09858,4937,3027,NA,4313,1059,639,13975,2042,665926
12/1/2013,2013,49,2.1708,2.21374,5549,4375,NA,6579,1552,865,18920,2055,854664
12/8/2013,2013,50,2.36971,2.41674,5501,4458,NA,7046,1591,802,19398,2054,802651
12/15/2013,2013,51,3.15997,3.03071,6555,6525,NA,8406,2272,939,24697,2009,814891
12/22/2013,2013,52,4.59053,4.38724,7814,7499,NA,7485,2874,1316,26988,2007,615148
12/29/2013,2014,1,4.28195,4.2112,7488,9135,NA,6726,3555,1750,28654,2033,680424
1/5/2014,2014,2,3.56288,3.46492,6233,8846,NA,7881,3565,1622,28147,2059,812343
1/12/2014,2014,3,3.36378,3.31698,6007,8091,NA,9517,3149,1606,28370,2049,855297
1/19/2014,2014,4,3.39659,3.2407,5878,6818,NA,8858,2616,1332,25502,2062,786928
1/26/2014,2014,5,3.11922,2.88598,5133,6031,NA,8714,2403,1203,23484,2051,813726
2/2/2014,2014,6,2.83572,2.62172,4729,5278,NA,7711,2242,1125,21085,2051,804244
2/9/2014,2014,7,2.48484,2.34067,4210,4470,NA,6717,1829,969,18195,2018,777340
2/16/2014,2014,8,2.2741,2.12059,4250,4306,NA,6121,1684,873,17234,2025,812700
2/23/2014,2014,9,2.07244,1.91094,3953,3691,NA,5875,1505,890,15914,1978,832786
3/2/2014,2014,10,1.98207,1.9023,3775,3472,NA,5575,1430,792,15044,1944,790831
3/9/2014,2014,11,1.82441,1.76619,3616,3210,NA,5022,1360,816,14024,1904,794024
3/16/2014,2014,12,1.82036,1.85791,3798,3285,NA,5611,1422,810,14926,1922,803374
3/23/2014,2014,13,1.75391,1.82094,3523,3256,NA,5812,1298,772,14661,1887,805133
3/30/2014,2014,14,1.74542,1.83453,3582,3153,NA,5659,1436,807,14637,1866,797863
4/6/2014,2014,15,1.67236,1.75446,3574,2943,NA,5587,1316,786,14206,1845,809707
4/13/2014,2014,16,1.51659,1.51636,3130,2516,NA,4279,1088,710,11723,1810,773101
4/20/2014,2014,17,1.44778,1.40334,2846,2504,NA,3770,1036,658,10814,1771,770592
4/27/2014,2014,18,1.29028,1.2593,2501,2084,NA,3591,913,559,9648,1746,766139
5/4/2014,2014,19,1.37388,1.32482,2789,2009,NA,3615,834,528,9775,1714,737834
5/11/2014,2014,20,1.34208,1.27576,2544,1876,NA,3256,825,532,9033,1660,708049
5/18/2014,2014,21,1.34563,1.29483,2733,1742,NA,3068,771,483,8797,1570,679395
5/25/2014,2014,22,1.21291,1.2261,2528,1542,NA,2459,625,504,7658,1554,624582
6/1/2014,2014,23,1.19291,1.14538,2383,1492,NA,2349,607,398,7229,1461,631143
6/8/2014,2014,24,1.14146,1.0678,2227,1413,NA,2181,561,401,6783,1461,635233
6/15/2014,2014,25,1.06503,1.07269,2159,1285,NA,2009,528,388,6369,1392,593740
6/22/2014,2014,26,1.12669,1.01298,2049,1235,NA,1917,509,328,6038,1411,596063
6/29/2014,2014,27,0.947353,0.994705,1865,1075,NA,1688,416,308,5352,1388,538049
7/6/2014,2014,28,0.944187,0.880862,1758,1122,NA,1623,441,351,5295,1394,601116
7/13/2014,2014,29,0.934822,0.858173,1582,1116,NA,1621,403,361,5083,1376,592305
7/20/2014,2014,30,0.81736,0.805152,1455,1128,NA,1450,398,334,4765,1372,591814
7/27/2014,2014,31,0.852792,0.818781,1450,1094,NA,1655,417,326,4942,1378,603580
8/3/2014,2014,32,0.746994,0.783735,1460,1074,NA,1528,409,273,4744,1382,605307
8/10/2014,2014,33,0.761098,0.848703,1528,1107,NA,1631,403,311,4980,1369,586778
8/17/2014,2014,34,0.767627,0.834146,1569,1196,NA,1813,412,315,5305,1371,635980
8/24/2014,2014,35,0.862176,0.905981,1684,1223,NA,2184,401,307,5799,1353,640080
8/31/2014,2014,36,0.984907,1.04506,1753,1284,NA,2258,453,302,6050,1352,578913
9/7/2014,2014,37,1.16287,1.16816,2300,1550,NA,3316,568,396,8130,1401,695966
9/14/2014,2014,38,1.22731,1.27649,2535,1705,NA,3650,605,393,8888,1405,696282
9/21/2014,2014,39,1.2071,1.29758,2522,1820,NA,3447,657,428,8874,1407,683887
9/28/2014,2014,40,1.16191,1.20612,2958,1959,NA,3994,712,527,10150,1937,841540
10/5/2014,2014,41,1.30905,1.32485,3055,2116,NA,4437,821,548,10977,1960,828544
10/12/2014,2014,42,1.37072,1.41192,3442,2321,NA,4728,870,580,11941,2000,845727
10/19/2014,2014,43,1.43373,1.42547,3455,2459,NA,4955,892,531,12292,2008,862314
10/26/2014,2014,44,1.42791,1.43909,3632,2242,NA,5102,807,530,12313,2053,855608
11/2/2014,2014,45,1.61605,1.61532,4277,2349,NA,5799,863,565,13853,2058,857601
11/9/2014,2014,46,1.65976,1.66473,4424,2323,NA,5816,911,588,14062,1997,844700
11/16/2014,2014,47,2.05459,2.0058,4740,2921,NA,7322,1049,642,16674,2058,831289
11/23/2014,2014,48,2.53541,2.62227,5432,3277,NA,6848,1165,880,17602,2067,671251
11/30/2014,2014,49,2.54253,2.60749,6185,4623,NA,9106,1767,1224,22905,2097,878430
12/7/2014,2014,50,3.60563,3.4178,7424,5287,NA,13050,1970,1441,29172,2069,853532
12/14/2014,2014,51,4.90976,4.46555,9270,6920,NA,16418,2671,2103,37382,2016,837119
12/21/2014,2014,52,5.98221,6.11497,10363,8982,NA,13951,3718,3519,40533,1984,662849
12/28/2014,2014,53,5.47421,5.30979,9732,9348,NA,9406,4288,4117,36891,1983,694773
1/4/2015,2015,1,4.21374,4.07898,7160,8072,NA,9589,3614,3048,31483,1958,771835
1/11/2015,2015,2,4.21022,3.93762,7044,6946,NA,11966,2909,2339,31204,1971,792459
1/18/2015,2015,3,4.25968,4.15076,7840,6451,NA,13949,2951,2030,33221,1966,800359
1/25/2015,2015,4,3.97761,3.87899,7118,5844,NA,13159,2585,1915,30621,1955,789407
2/1/2015,2015,5,3.63443,3.45794,6656,5380,NA,12093,2368,1654,28151,1950,814097
2/8/2015,2015,6,3.26527,3.06359,6429,4884,NA,10328,2072,1505,25218,1917,823153
2/15/2015,2015,7,2.93083,2.82646,5537,4295,NA,8164,1842,1271,21109,1907,746836
2/22/2015,2015,8,2.54474,2.3599,4823,4061,NA,7280,1765,1249,19178,1934,812660
3/1/2015,2015,9,2.47227,2.33472,4639,3914,NA,7116,1696,1076,18441,1912,789858
3/8/2015,2015,10,2.35665,2.21286,4710,3654,NA,6748,1654,1067,17833,1907,805881
3/15/2015,2015,11,2.17008,2.07619,4559,3482,NA,6084,1573,997,16695,1883,804117
3/22/2015,2015,12,2.04297,2.01267,4418,3284,NA,6003,1486,931,16122,1848,801027
3/29/2015,2015,13,1.954,1.94192,4174,2968,NA,5623,1321,889,14975,1819,771143
4/5/2015,2015,14,1.72287,1.74809,3903,2931,NA,4634,1387,878,13733,1820,785602
4/12/2015,2015,15,1.53694,1.50367,3448,2448,NA,4214,1160,774,12044,1813,800974
4/19/2015,2015,16,1.38283,1.43494,3182,2052,NA,4011,975,640,10860,1768,756827
4/26/2015,2015,17,1.46265,1.45673,3203,2122,NA,4280,888,602,11095,1753,761638
5/3/2015,2015,18,1.38934,1.42836,3106,2074,NA,4079,846,589,10694,1735,748690
5/10/2015,2015,19,1.3468,1.35297,2805,1810,NA,3641,813,602,9671,1688,714799
5/17/2015,2015,20,1.25452,1.33093,2754,1768,NA,3296,736,470,9024,1622,678023
5/24/2015,2015,21,1.21636,1.28422,2593,1461,NA,2714,652,493,7913,1579,616171
5/31/2015,2015,22,1.16734,1.13889,2211,1334,NA,2345,594,462,6946,1505,609891
6/7/2015,2015,23,1.04654,1.10343,2109,1320,NA,2284,575,456,6744,1455,611184
6/14/2015,2015,24,0.943661,0.970748,1734,1167,NA,2046,495,408,5850,1459,602628
6/21/2015,2015,25,0.935046,0.998681,1897,1170,NA,1921,496,429,5913,1445,592081
6/28/2015,2015,26,0.934726,0.978057,1678,1043,NA,1701,430,380,5232,1417,534938
7/5/2015,2015,27,0.864118,0.866431,1546,1081,NA,1675,443,371,5116,1428,590468
7/12/2015,2015,28,0.806535,0.827757,1487,1028,NA,1609,405,341,4870,1411,588337
7/19/2015,2015,29,0.742747,0.797572,1383,1011,NA,1498,413,321,4626,1401,580010
7/26/2015,2015,30,0.737859,0.811221,1415,999,NA,1459,432,300,4605,1352,567663
8/2/2015,2015,31,0.743224,0.821165,1392,1026,NA,1590,420,325,4753,1364,578812
8/9/2015,2015,32,0.805251,0.819435,1330,1062,NA,1667,400,291,4750,1340,579668
8/16/2015,2015,33,0.816943,0.848041,1429,1134,NA,1815,436,359,5173,1356,609994
8/23/2015,2015,34,0.814518,0.888524,1687,1151,NA,2033,423,354,5648,1362,635661
8/30/2015,2015,35,0.86067,0.962826,1636,1230,NA,2292,481,324,5963,1354,619323
9/6/2015,2015,36,0.886704,1.02252,1714,1297,NA,2169,461,329,5970,1349,583853
9/13/2015,2015,37,1.00845,1.08392,1993,1392,NA,2744,536,397,7062,1369,651524
9/20/2015,2015,38,1.06625,1.17724,2178,1520,NA,2947,627,432,7704,1367,654414
9/27/2015,2015,39,1.05995,1.1716,2170,1654,NA,2746,652,404,7626,1332,650904
10/4/2015,2015,40,1.22559,1.24325,2849,2015,NA,3693,871,621,10049,1963,808287
10/11/2015,2015,41,1.31066,1.3234,3016,2102,NA,4007,912,678,10715,1976,809660
10/18/2015,2015,42,1.3711,1.40399,3263,2357,NA,4360,951,653,11584,1995,825079
10/25/2015,2015,43,1.39171,1.37629,3141,2254,NA,4148,927,694,11164,1999,811165
11/1/2015,2015,44,1.43712,1.46866,3563,2450,NA,4783,935,692,12423,2048,845875
11/8/2015,2015,45,1.50165,1.533,3746,2517,NA,4725,943,745,12676,2028,826877
11/15/2015,2015,46,1.59805,1.60841,3960,2656,NA,5076,1026,766,13484,2023,838344
11/22/2015,2015,47,1.89668,1.90047,3974,2427,NA,4073,981,703,12158,2000,639738
11/29/2015,2015,48,1.67728,1.73645,4469,3011,NA,5076,1232,829,14617,2040,841777
12/6/2015,2015,49,1.78296,1.81945,4575,2902,NA,5384,1252,873,14986,2020,823657
12/13/2015,2015,50,1.87336,1.96571,5135,2963,NA,5105,1250,943,15396,2000,783227
12/20/2015,2015,51,2.32148,2.42021,5377,2876,NA,4317,1256,1013,14839,1978,613128
12/27/2015,2015,52,2.40991,2.41083,5700,3264,NA,4011,1524,1180,15679,1949,650356
1/3/2016,2016,1,1.94328,1.98859,4775,3597,NA,4494,1631,1157,15654,2004,787192
1/10/2016,2016,2,1.99796,1.98985,4574,3180,NA,5362,1380,1021,15517,2005,779809
1/17/2016,2016,3,2.11829,2.1071,4804,3226,NA,5380,1297,954,15661,2008,743249
1/24/2016,2016,4,2.25112,2.19256,5088,3615,NA,6882,1551,1007,18143,2026,827482
1/31/2016,2016,5,2.37116,2.30014,5135,3759,NA,7353,1625,1072,18944,2007,823602
2/7/2016,2016,6,2.80035,2.67574,5645,4600,NA,8434,1916,1179,21774,2000,813755
2/14/2016,2016,7,3.16475,3.02427,5997,5642,NA,9325,2347,1370,24681,1993,816098
2/21/2016,2016,8,3.15183,3.11328,6299,6001,NA,10127,2606,1390,26423,1956,848718
2/28/2016,2016,9,3.3321,3.32788,6619,6395,NA,11415,2599,1440,28468,1952,855439
3/6/2016,2016,10,3.56024,3.5918,6660,7358,NA,11856,2977,1630,30481,1922,848628
3/13/2016,2016,11,3.05479,3.09262,5574,6026,NA,9334,2489,1471,24894,1898,804948
3/20/2016,2016,12,2.76732,2.78803,5187,4982,NA,8489,2000,1282,21940,1900,786936
3/27/2016,2016,13,2.44161,2.52371,4581,4476,NA,7392,1953,1201,19603,1832,776752
4/3/2016,2016,14,2.03348,2.12928,3707,3869,NA,6403,1660,1130,16769,1813,787543
4/10/2016,2016,15,1.98593,2.05142,3572,3530,NA,6595,1533,1031,16261,1805,792672
4/17/2016,2016,16,1.91514,1.98957,3515,3247,NA,6357,1373,945,15437,1774,775895
4/24/2016,2016,17,1.69968,1.7858,3157,2986,NA,5557,1235,901,13836,1759,774777
5/1/2016,2016,18,1.57635,1.60144,2772,2586,NA,4729,1037,746,11870,1742,741210
5/8/2016,2016,19,1.3935,1.4743,2871,2276,NA,4046,849,665,10707,1690,726244
5/15/2016,2016,20,1.29941,1.42286,2688,1998,NA,3630,839,643,9798,1626,688612
5/22/2016,2016,21,1.18379,1.38196,2612,1714,NA,3126,717,618,8787,1439,635835
5/29/2016,2016,22,1.13723,1.33712,2545,1637,NA,2620,663,532,7997,1482,598077
6/5/2016,2016,23,1.04118,1.13894,2293,1460,NA,2313,617,518,7201,1446,632252
6/12/2016,2016,24,0.971814,1.09641,2189,1354,NA,2171,588,466,6768,1440,617287
6/19/2016,2016,25,0.863306,0.999559,2062,1178,NA,1905,493,386,6024,1402,602666
6/26/2016,2016,26,0.833797,0.99095,1873,1146,NA,1810,473,384,5686,1382,573793
7/3/2016,2016,27,0.784516,0.931253,1646,985,NA,1641,463,383,5118,1379,549582
7/10/2016,2016,28,0.734327,0.843118,1610,1064,NA,1599,422,383,5078,1392,602288
7/17/2016,2016,29,0.698845,0.840286,1670,994,NA,1621,384,375,5044,1388,600272
7/24/2016,2016,30,0.723099,0.830065,1580,1036,NA,1624,362,323,4925,1393,593327
7/31/2016,2016,31,0.663501,0.790428,1455,971,NA,1496,359,315,4596,1360,581457
8/7/2016,2016,32,0.69276,0.830826,1512,1016,NA,1639,382,319,4868,1329,585923
8/14/2016,2016,33,0.710029,0.856796,1644,1028,NA,1914,373,306,5265,1345,614499
8/21/2016,2016,34,0.834232,1.00746,1848,1234,NA,2364,465,349,6260,1356,621362
8/28/2016,2016,35,0.992621,1.05868,1815,1242,NA,2651,455,341,6504,1354,614349
9/4/2016,2016,36,1.01605,1.10028,1883,1284,NA,2604,471,381,6623,1347,601938
9/11/2016,2016,37,1.07169,1.1457,2026,1509,NA,3073,579,452,7639,1365,666755
9/18/2016,2016,38,1.10163,1.2189,2341,1539,NA,3298,613,438,8229,1363,675119
9/25/2016,2016,39,1.18841,1.31113,2413,1645,NA,3334,630,483,8505,1389,648678
10/2/2016,2016,40,1.2019,1.27386,3110,2114,NA,4169,828,643,10864,1946,852842
10/9/2016,2016,41,1.23108,1.29342,3207,2155,NA,4078,879,678,10997,1973,850228
10/16/2016,2016,42,1.26796,1.33097,3564,2234,NA,4452,981,695,11926,1983,896035
10/23/2016,2016,43,1.36298,1.42662,3786,2406,NA,4769,987,700,12648,2006,886570
10/30/2016,2016,44,1.48535,1.57071,4314,2444,NA,5287,1030,715,13790,1999,877947
11/6/2016,2016,45,1.55954,1.65146,4703,2549,NA,5193,1055,758,14258,1990,863356
11/13/2016,2016,46,1.64783,1.73309,4979,2659,NA,5610,1083,829,15160,2000,874739
11/20/2016,2016,47,1.91275,2.03388,5032,2634,NA,4567,1108,867,14208,2011,698566
11/27/2016,2016,48,1.81725,1.88331,5209,3326,NA,5655,1359,1056,16605,2001,881694
12/4/2016,2016,49,1.91433,2.00292,5501,3188,NA,5812,1413,1047,16961,2013,846813
12/11/2016,2016,50,2.21003,2.27731,5744,3491,NA,6724,1485,1019,18463,2000,810736
12/18/2016,2016,51,2.73568,2.91465,6653,4099,NA,7469,1923,1421,21565,1977,739882
12/25/2016,2016,52,3.36832,3.54919,7712,5247,NA,7144,2652,2145,24900,1928,701569
1/1/2017,2017,1,3.09689,3.08102,6716,5673,NA,6786,2773,2230,24178,2024,784740
1/8/2017,2017,2,3.07346,3.01875,6020,5313,NA,8843,2639,2082,24897,1997,824746
1/15/2017,2017,3,3.51643,3.40446,6399,5588,NA,12147,2717,1930,28781,2029,845391
1/22/2017,2017,4,3.8027,3.52869,6958,5788,NA,14073,2623,1823,31265,2021,886023
1/29/2017,2017,5,4.50313,4.10665,7452,6522,NA,17482,2968,2093,36517,2024,889216
2/5/2017,2017,6,5.06308,4.7551,8110,8235,NA,20150,3749,2646,42890,2027,901978
2/12/2017,2017,7,4.86009,4.65163,7726,8328,NA,18692,3652,2637,41035,1967,882163
2/19/2017,2017,8,4.57916,4.57049,7649,8560,NA,17300,3807,2808,40124,1987,877892
2/26/2017,2017,9,3.55674,3.45522,6129,6496,NA,12394,2983,2181,30183,1995,873547
3/5/2017,2017,10,3.50417,3.29505,5854,5970,NA,11552,2766,1918,28060,1971,851580
3/12/2017,2017,11,3.21511,3.16426,5503,5535,NA,10084,2582,1780,25484,1958,805370
3/19/2017,2017,12,3.10088,3.14433,5514,5858,NA,11503,2641,1838,27354,1940,869946
3/26/2017,2017,13,2.79056,2.87936,5145,5070,NA,10149,2354,1624,24342,1899,845397
4/2/2017,2017,14,2.38547,2.36977,4488,3918,NA,8178,1760,1333,19677,1906,830332
4/9/2017,2017,15,1.9703,1.93853,3909,3151,NA,5847,1470,1171,15548,1861,802052
4/16/2017,2017,16,1.73442,1.64064,3306,2766,NA,4683,1258,993,13006,1845,792740
4/23/2017,2017,17,1.56303,1.4752,2997,2391,NA,4497,1111,928,11924,1846,808298
4/30/2017,2017,18,1.4128,1.37755,2890,2039,NA,4105,1011,717,10762,1795,781240
5/7/2017,2017,19,1.27492,1.33771,2751,2037,NA,3831,862,721,10202,1767,762648
5/14/2017,2017,20,1.2834,1.34686,2685,2011,NA,3518,886,709,9809,1746,728288
5/21/2017,2017,21,1.16663,1.26579,2341,1745,NA,3060,771,647,8564,1614,676574
5/28/2017,2017,22,1.10977,1.25701,2311,1577,NA,2575,710,583,7756,1569,617021
6/4/2017,2017,23,1.04333,1.16048,2412,1459,NA,2377,671,591,7510,1493,647145
6/11/2017,2017,24,0.905151,1.04834,2049,1346,NA,2099,595,547,6636,1470,633003
6/18/2017,2017,25,0.902718,0.992711,1930,1282,NA,1971,559,498,6240,1469,628582
6/25/2017,2017,26,0.859531,0.961603,1771,1121,NA,1748,489,467,5596,1422,581945
7/2/2017,2017,27,0.818998,0.955818,1728,1111,NA,1564,505,418,5326,1456,557219
7/9/2017,2017,28,0.752505,0.827597,1545,1004,NA,1578,462,372,4961,1405,599446
7/16/2017,2017,29,0.731146,0.811886,1549,908,NA,1421,450,419,4747,1384,584688
7/23/2017,2017,30,0.733295,0.818527,1576,953,NA,1515,459,376,4879,1377,596071
7/30/2017,2017,31,0.73102,0.829758,1529,1037,NA,1485,415,433,4899,1390,590413
8/6/2017,2017,32,0.68834,0.828503,1559,1044,NA,1481,441,390,4915,1386,593239
8/13/2017,2017,33,0.732049,0.885896,1603,1097,NA,1691,427,412,5230,1350,590363
8/20/2017,2017,34,0.911188,1.05351,1964,1256,NA,2549,473,411,6653,1379,631507
8/27/2017,2017,35,1.02105,1.11768,2076,1302,NA,2726,526,503,7133,1370,638196
9/3/2017,2017,36,1.09495,1.14028,2073,1369,NA,2488,587,555,7072,1384,620201
9/10/2017,2017,37,1.09475,1.13326,2372,1656,NA,2942,706,628,8304,1485,732755
9/17/2017,2017,38,1.09775,1.17589,2544,1625,NA,3075,664,655,8563,1484,728214
9/24/2017,2017,39,1.18882,1.23848,2840,1652,NA,3201,746,640,9079,1468,733077
10/1/2017,2017,40,1.26682,1.28278,3844,2486,NA,4553,1072,875,12830,2205,1000168
10/8/2017,2017,41,1.30662,1.33419,4120,2676,NA,4453,1073,947,13269,2233,994535
10/15/2017,2017,42,1.34866,1.41293,4409,2804,NA,4993,1139,974,14319,2254,1013427
10/22/2017,2017,43,1.51871,1.57884,5003,2921,NA,5529,1324,1049,15826,2251,1002381
10/29/2017,2017,44,1.74793,1.70723,5219,3289,NA,6133,1365,1062,17068,2213,999750
11/5/2017,2017,45,1.87047,1.86372,6108,3609,NA,6625,1523,1129,18994,2278,1019146
11/12/2017,2017,46,2.06674,2.09726,6805,4200,NA,7478,1778,1354,21615,2281,1030631
11/19/2017,2017,47,2.28188,2.34372,6945,3844,NA,5876,1707,1445,19817,2264,845535
11/26/2017,2017,48,2.28528,2.24895,7008,5235,NA,7476,2206,1830,23755,2274,1056270
12/3/2017,2017,49,2.5848,2.49852,7230,5050,NA,8491,2338,1870,24979,2263,999753
12/10/2017,2017,50,3.36711,3.20443,8297,6671,NA,11277,2955,2333,31533,2255,984043
12/17/2017,2017,51,4.71836,4.4305,10464,9836,NA,14164,4578,3622,42664,2204,962961
12/24/2017,2017,52,5.72036,5.46448,11301,11373,NA,11509,5723,5080,44986,2122,823244
12/31/2017,2018,1,5.77543,5.37416,9426,13370,NA,11748,6868,5870,47282,2235,879802
1/7/2018,2018,2,5.9083,5.54335,10082,15400,NA,17403,7791,6246,56922,2251,1026852
1/14/2018,2018,3,6.49095,6.34203,12004,15973,NA,21873,7536,5551,62937,2277,992379
1/21/2018,2018,4,7.17799,7.04897,13432,18349,NA,30671,8925,6091,77468,2279,1098998
1/28/2018,2018,5,7.52851,7.79783,14854,19095,NA,37252,8929,5965,86095,2265,1104089
2/4/2018,2018,6,7.38424,7.78892,15192,19505,NA,38457,8621,5871,87646,2290,1125265
2/11/2018,2018,7,6.46068,6.83583,13340,17163,NA,31984,8070,5430,75987,2215,1111598
2/18/2018,2018,8,4.95341,5.17354,10142,12428,NA,20394,5808,4189,52961,2259,1023689
2/25/2018,2018,9,3.67274,3.55184,7190,8445,NA,13370,4081,2846,35932,2194,1011645
3/4/2018,2018,10,3.2037,3.01348,6357,6483,NA,10841,3139,2289,29109,2203,965961
3/11/2018,2018,11,2.78869,2.73862,5590,5925,NA,9479,2813,2121,25928,2188,946753
3/18/2018,2018,12,2.50234,2.48438,5212,5406,NA,8635,2563,1969,23785,2168,957380
3/25/2018,2018,13,2.41065,2.36593,4722,4720,NA,7216,2295,1743,20696,2131,874750
4/1/2018,2018,14,2.07542,2.03306,4550,4452,NA,6211,2158,1696,19067,2117,937849
4/8/2018,2018,15,1.78234,1.8062,4148,3749,NA,5508,1818,1449,16672,2076,923041
4/15/2018,2018,16,1.61608,1.58958,3859,3216,NA,5269,1432,1116,14892,2103,936850
4/22/2018,2018,17,1.53992,1.54077,3725,3030,NA,5343,1373,1101,14572,2079,945759
4/29/2018,2018,18,1.53115,1.45326,3656,2600,NA,4810,1215,992,13273,2005,913326
5/6/2018,2018,19,1.29599,1.28242,3443,2205,NA,4132,935,902,11617,1922,905868
5/13/2018,2018,20,1.18904,1.2243,3359,2238,NA,3766,905,799,11067,1966,903948
5/20/2018,2018,21,1.24941,1.23385,3384,2082,NA,3429,885,866,10646,1883,862825
5/27/2018,2018,22,1.14134,1.22391,3222,1824,NA,2982,846,734,9608,1789,785022
6/3/2018,2018,23,0.988567,1.04866,2845,1836,NA,2551,802,654,8688,1783,828488
6/10/2018,2018,24,0.895433,0.979381,2375,1596,NA,2242,699,658,7570,1738,772937
6/17/2018,2018,25,0.892227,0.94819,2313,1554,NA,2161,730,616,7374,1759,777692
6/24/2018,2018,26,0.877636,0.867741,2201,1530,NA,1906,669,626,6932,1720,798856
7/1/2018,2018,27,0.77502,0.822957,2000,1299,NA,1862,539,549,6249,1764,759335
7/8/2018,2018,28,0.725956,0.772384,1945,1443,NA,1900,627,587,6502,1769,841809
7/15/2018,2018,29,0.68266,0.707466,1741,1290,NA,1720,566,469,5786,1732,817849
7/22/2018,2018,30,0.640527,0.686508,1665,1202,NA,1643,523,463,5496,1728,800573
7/29/2018,2018,31,0.64106,0.68859,1620,1246,NA,1772,525,454,5617,1708,815725
8/5/2018,2018,32,0.706465,0.736093,1727,1334,NA,1786,541,476,5864,1670,796639
8/12/2018,2018,33,0.708668,0.806323,1989,1387,NA,2172,516,478,6542,1705,811337
8/19/2018,2018,34,0.825743,0.954211,2237,1488,NA,2467,602,515,7309,1601,765973
8/26/2018,2018,35,0.864409,0.962249,2447,1637,NA,2836,655,542,8117,1661,843545
9/2/2018,2018,36,1.10114,1.14153,2817,1985,NA,3346,767,621,9536,1693,835370
9/9/2018,2018,37,1.15244,1.14726,2774,2112,NA,3659,829,689,10063,1689,877135
9/16/2018,2018,38,1.20257,1.31197,3242,2347,NA,3950,922,729,11190,1666,852916
9/23/2018,2018,39,1.25033,1.37701,3471,2464,NA,4185,925,669,11714,1694,850685
9/30/2018,2018,40,1.41846,1.42429,4857,3839,NA,6300,1553,1290,17839,2565,1252483
10/7/2018,2018,41,1.40418,1.48151,5307,4026,NA,6250,1657,1321,18561,2609,1252846
10/14/2018,2018,42,1.47401,1.59449,5582,4399,NA,6799,1752,1398,19930,2586,1249933
10/21/2018,2018,43,1.64257,1.72683,6242,4617,NA,7478,1835,1444,21616,2646,1251776
10/28/2018,2018,44,1.79275,1.84522,6864,4730,NA,8285,1825,1450,23154,2633,1254812
11/4/2018,2018,45,1.87043,1.93069,7504,4831,NA,8448,1840,1450,24073,2645,1246860
11/11/2018,2018,46,1.98387,2.09114,7805,5017,NA,8050,1995,1480,24347,2631,1164292
11/18/2018,2018,47,2.24169,2.41082,8598,5011,NA,7193,2111,1699,24612,2586,1020898
11/25/2018,2018,48,2.14883,2.25019,8885,6576,NA,8787,2756,2076,29080,2640,1292335
12/2/2018,2018,49,2.25531,2.30458,8803,5969,NA,9269,2454,1861,28356,2633,1230419
12/9/2018,2018,50,2.64571,2.73758,10150,6819,NA,11373,2776,1980,33098,2622,1209022
12/16/2018,2018,51,3.14075,3.24643,11507,8119,NA,12811,3320,2479,38236,2571,1177786
12/23/2018,2018,52,3.97127,4.19267,13586,10315,NA,12026,4454,3523,43904,2545,1047161
12/30/2018,2019,1,3.46125,3.63499,11675,11402,NA,9557,5200,4260,42094,2609,1158023
1/6/2019,2019,2,3.07707,3.14077,9344,10401,NA,10744,4820,3443,38752,2629,1233836
1/13/2019,2019,3,3.32915,3.36551,9668,10024,NA,14248,4226,2943,41109,2633,1221478
1/20/2019,2019,4,3.81999,3.89305,10728,11164,NA,16925,4443,2853,46113,2614,1184495
1/27/2019,2019,5,4.3419,4.5253,11606,13032,NA,22188,5110,3251,55187,2639,1219521
2/3/2019,2019,6,4.88288,5.21525,13828,15708,NA,29688,6134,4084,69442,2644,1331519
2/10/2019,2019,7,5.04211,5.43173,14224,15928,NA,29223,6329,4274,69978,2628,1288318
2/17/2019,2019,8,4.88596,5.2776,13612,15684,NA,26456,6115,4478,66345,2623,1257106
2/24/2019,2019,9,4.5499,4.59585,11622,13833,NA,23450,5699,4131,58735,2634,1278001
3/3/2019,2019,10,4.38001,4.40341,11146,13058,NA,21736,5356,4052,55348,2614,1256934
3/10/2019,2019,11,4.2288,4.13279,10975,12570,NA,20065,5347,4176,53133,2622,1285646
3/17/2019,2019,12,3.68449,3.56166,9559,10484,NA,16537,4431,3775,44786,2596,1257449
3/24/2019,2019,13,3.08744,3.05634,8621,8631,NA,13608,3801,3183,37844,2587,1238213
3/31/2019,2019,14,2.69971,2.68251,7591,7486,NA,11757,3271,2800,32905,2597,1226648
4/7/2019,2019,15,2.28549,2.26747,6739,6198,NA,9988,2561,2317,27803,2542,1226170
4/14/2019,2019,16,2.01443,1.96931,6319,4930,NA,7894,2105,1874,23122,2517,1174114
4/21/2019,2019,17,1.7141,1.72372,5689,4545,NA,6617,1997,1735,20583,2490,1194101
4/28/2019,2019,18,1.56927,1.57693,5362,4080,NA,6203,1666,1537,18848,2459,1195232
5/5/2019,2019,19,1.49991,1.46086,4785,3572,NA,5903,1479,1357,17096,2415,1170273
5/12/2019,2019,20,1.50211,1.50759,4614,3458,NA,5488,1433,1356,16349,2302,1084443
5/19/2019,2019,21,1.42357,1.40452,4597,3211,NA,5227,1345,1367,15747,2205,1121166
5/26/2019,2019,22,1.39457,1.40617,4437,3094,NA,4659,1279,1301,14770,2179,1050372
6/2/2019,2019,23,1.21776,1.23921,3930,2948,NA,4110,1240,1205,13433,2235,1083994
6/9/2019,2019,24,1.11351,1.10622,3350,2606,NA,3607,1007,1048,11618,2139,1050239
6/16/2019,2019,25,0.992293,1.01351,3046,2424,NA,3282,998,928,10678,2141,1053569
6/23/2019,2019,26,0.947072,0.959926,2940,2175,NA,3106,906,859,9986,2063,1040288
6/30/2019,2019,27,0.876088,0.873735,2433,1884,NA,2676,788,768,8549,2111,978443
7/7/2019,2019,28,0.809956,0.795831,2344,1882,NA,2660,799,737,8422,2090,1058265
7/14/2019,2019,29,0.755431,0.768849,2219,1861,NA,2570,757,704,8111,2132,1054954
7/21/2019,2019,30,0.73346,0.748185,2128,1800,NA,2451,761,615,7755,2117,1036508
7/28/2019,2019,31,0.72729,0.758451,2348,1829,NA,2436,658,603,7874,2128,1038168
8/4/2019,2019,32,0.754637,0.77011,2089,2041,NA,2384,766,758,8038,2146,1043747
8/11/2019,2019,33,0.730938,0.834825,2630,2047,NA,2828,788,694,8987,2178,1076513
8/18/2019,2019,34,0.840615,0.942052,2907,2210,NA,3501,762,716,10096,2147,1071703
8/25/2019,2019,35,0.989217,1.07895,3394,2539,NA,4220,894,770,11817,2169,1095230
9/1/2019,2019,36,1.14059,1.20634,3801,2924,NA,4535,1030,868,13158,2189,1090741
9/8/2019,2019,37,1.23272,1.2757,3905,3296,NA,5499,1172,959,14831,2221,1162580
9/15/2019,2019,38,1.24529,1.39156,4463,3567,NA,5673,1249,1025,15977,2198,1148137
9/22/2019,2019,39,1.33771,1.49698,4970,3875,NA,6104,1365,1100,17414,2180,1163278
9/29/2019,2019,40,1.49064,1.50415,6218,4827,NA,7658,1764,1448,21915,2896,1456967
10/6/2019,2019,41,1.59269,1.59823,6550,5147,NA,7638,2015,1603,22953,2924,1436150
10/13/2019,2019,42,1.72517,1.73838,7273,5548,NA,8277,2110,1649,24857,2950,1429897
10/20/2019,2019,43,1.83428,1.8605,7892,6080,NA,9349,2305,1793,27419,2980,1473740
10/27/2019,2019,44,2.04049,2.01425,8658,6143,NA,10068,2279,1762,28910,2989,1435277
11/3/2019,2019,45,2.39351,2.36364,10557,7182,NA,12551,2453,1843,34586,3007,1463253
11/10/2019,2019,46,2.63245,2.64431,11446,7904,NA,13671,2739,1968,37728,2976,1426760
11/17/2019,2019,47,2.91944,2.97548,12714,9138,NA,17049,3099,2148,44148,2971,1483729
11/24/2019,2019,48,3.41066,3.44787,14389,9159,NA,14717,3186,2366,43817,2971,1270842
12/1/2019,2019,49,3.2622,3.31577,13839,11943,NA,16389,3929,2777,48877,2977,1474075
12/8/2019,2019,50,3.94308,3.86928,14728,12822,NA,21877,4114,2903,56444,2947,1458774
12/15/2019,2019,51,5.06529,5.02757,17999,16225,NA,29177,4834,3349,71584,2913,1423829
12/22/2019,2019,52,7.06161,7.15315,24097,24617,NA,34004,7638,5401,95757,2905,1338669
12/29/2019,2020,1,5.91974,6.22926,21564,27650,NA,23383,9208,6876,88681,2957,1423620
1/5/2020,2020,2,4.94176,5.06974,15547,23631,NA,22747,8196,5464,75585,2987,1490905
1/12/2020,2020,3,5.33174,5.35782,16587,21395,NA,29657,7379,4728,79746,2983,1488404
1/19/2020,2020,4,6.08106,6.0261,18558,23657,NA,35216,7971,4670,90072,2984,1494697
1/26/2020,2020,5,6.74724,6.87271,20299,28889,NA,44117,9527,5475,108307,2984,1575900
2/2/2020,2020,6,6.7998,7.08261,20270,29790,NA,45491,10036,5702,111289,2994,1571300
2/9/2020,2020,7,6.11292,6.22068,17393,26428,NA,36909,9231,5457,95418,2958,1533883
2/16/2020,2020,8,5.55671,5.62148,15233,22908,NA,28328,8221,5142,79832,2909,1420123
2/23/2020,2020,9,5.12279,5.10226,13817,22125,NA,25487,8273,5107,74809,2934,1466192
3/1/2020,2020,10,5.26652,5.28928,13888,23906,NA,26396,8891,5698,78779,2901,1489410
3/8/2020,2020,11,5.67081,6.29229,14149,29657,NA,27752,11327,6686,89571,2836,1423503
3/15/2020,2020,12,6.38029,7.35285,10790,30818,NA,17512,12478,6986,78584,2798,1068755
3/22/2020,2020,13,4.91692,6.22687,5129,22408,NA,8322,10825,6458,53142,2727,853431
3/29/2020,2020,14,3.78625,4.82995,2359,14964,NA,4852,8696,5380,36251,2684,750546
4/5/2020,2020,15,2.80122,3.47366,1496,9995,NA,3426,6043,4014,24974,2686,718953
4/12/2020,2020,16,2.12879,2.57382,1068,7423,NA,2666,4182,2926,18265,2666,709645
4/19/2020,2020,17,1.73315,2.02032,926,6339,NA,2317,3289,2293,15164,2652,750576
4/26/2020,2020,18,1.40932,1.62094,864,5291,NA,2098,2668,1896,12817,2624,790715
5/3/2020,2020,19,1.18336,1.35262,729,4585,NA,1889,2241,1622,11066,2611,818113
5/10/2020,2020,20,1.11451,1.23819,788,4112,NA,1960,2171,1449,10480,2601,846400
5/17/2020,2020,21,1.00534,1.07598,1224,4375,NA,2402,2148,1586,11735,2971,1090638
5/24/2020,2020,22,0.88827,0.885843,805,3572,NA,1898,1878,1461,9614,2950,1085294
5/31/2020,2020,23,0.814062,0.819928,802,3440,NA,1969,1705,1409,9325,2931,1137295
6/7/2020,2020,24,0.836751,0.814575,881,3454,NA,2141,1726,1378,9580,2902,1176074
6/14/2020,2020,25,0.928456,0.950979,1006,4709,NA,2679,2001,1471,11866,2935,1247767
6/21/2020,2020,26,1.14217,1.20306,1216,6241,NA,3491,2649,1902,15499,2896,1288294
6/28/2020,2020,27,1.27401,1.38424,1395,7032,NA,3970,3223,2223,17843,2897,1289006
7/5/2020,2020,28,1.34951,1.47311,1545,8010,NA,4094,3765,2632,20046,2918,1360798
7/12/2020,2020,29,1.34471,1.43761,1658,7526,NA,4075,3565,2436,19260,2894,1339726
7/19/2020,2020,30,1.22153,1.21898,1634,6105,NA,3560,3089,2145,16533,2953,1356301
7/26/2020,2020,31,1.15258,1.15067,1609,5709,NA,3497,2595,2114,15524,2992,1349125
8/2/2020,2020,32,1.0626,1.05662,1570,4977,NA,3271,2361,1938,14117,2956,1336052
8/9/2020,2020,33,0.979884,0.981699,1592,4502,NA,3167,2174,1758,13193,2978,1343895
8/16/2020,2020,34,0.969202,0.961833,1804,4305,NA,3283,1894,1666,12952,2930,1346595
8/23/2020,2020,35,1.00022,0.970543,1866,4032,NA,3951,1821,1489,13159,2967,1355839
8/30/2020,2020,36,0.920817,0.919002,1759,3773,NA,3609,1696,1479,12316,2921,1340149
9/6/2020,2020,37,1.0355,0.978032,1999,3975,NA,3822,1793,1446,13035,2915,1332779
9/13/2020,2020,38,0.974333,0.955677,2070,4070,NA,3628,1794,1487,13049,2943,1365420
9/20/2020,2020,39,1.06462,1.03845,2286,4412,NA,4366,1944,1578,14586,2941,1404590
9/27/2020,2020,40,1.09211,1.08024,2454,5091,NA,4715,2362,1844,16466,3246,1524289
10/4/2020,2020,41,1.21201,1.19451,2558,6023,NA,5239,3004,2320,19144,3318,1602667
10/11/2020,2020,42,1.11151,1.09796,2313,5661,NA,4613,2547,2101,17235,3301,1569727
10/18/2020,2020,43,1.18662,1.15393,2454,5850,NA,4834,2821,2174,18133,3330,1571417
10/25/2020,2020,44,1.25262,1.18924,2512,6082,NA,4916,2752,2292,18554,3421,1560158
11/1/2020,2020,45,1.44427,1.33759,2726,7084,NA,5825,3282,2453,21370,3425,1597645
11/8/2020,2020,46,1.48969,1.37845,2776,7677,NA,5544,3728,2873,22598,3391,1639379
11/15/2020,2020,47,1.56064,1.43236,2692,7824,NA,5342,3956,2895,22709,3334,1585429
11/22/2020,2020,48,1.61944,1.49959,2484,7091,NA,4584,3962,3192,21313,3333,1421255
11/29/2020,2020,49,1.57347,1.44967,2597,7682,NA,4861,3976,3135,22251,3339,1534905
12/6/2020,2020,50,1.51939,1.42617,2504,7519,NA,4692,4067,3321,22103,3358,1549810
12/13/2020,2020,51,1.50599,1.39797,2482,7124,NA,4282,3841,3145,20874,3299,1493163
12/20/2020,2020,52,1.55485,1.45725,2323,6627,NA,3564,3918,3404,19836,3301,1361197
12/27/2020,2020,53,1.58903,1.53781,2583,7723,NA,3933,4516,3668,22423,3280,1458113
1/3/2021,2021,1,1.47519,1.4348,2414,7976,NA,4549,4359,3413,22711,3316,1582870
1/10/2021,2021,2,1.28752,1.2606,2297,6396,NA,3975,3520,2830,19018,3278,1508647
1/17/2021,2021,3,1.25172,1.21098,2566,5876,NA,4056,3310,2542,18350,3315,1515305
1/24/2021,2021,4,1.10177,1.12283,2558,5345,NA,3953,2803,2237,16896,3324,1504764
1/31/2021,2021,5,1.16565,1.08237,2636,4995,NA,4015,2525,1927,16098,3295,1487296
2/7/2021,2021,6,1.00609,0.975086,2552,4096,NA,3730,2129,1572,14079,3246,1443873
2/14/2021,2021,7,0.986101,0.907555,2318,3708,NA,3144,1918,1503,12591,3256,1387354
2/21/2021,2021,8,0.864388,0.860857,2543,3839,NA,3541,1900,1521,13344,3276,1550083
2/28/2021,2021,9,0.828056,0.842356,2771,3532,NA,3540,1810,1347,13000,3278,1543291
3/7/2021,2021,10,0.882103,0.902897,3218,3781,NA,3806,1901,1371,14077,3284,1559093
3/14/2021,2021,11,0.908033,0.939382,3514,3936,NA,3856,1909,1359,14574,3227,1551445
3/21/2021,2021,12,0.947577,0.96011,3817,4214,NA,3915,2054,1354,15354,3201,1599192
3/28/2021,2021,13,0.975225,0.998141,4116,4394,NA,4089,2129,1265,15993,3257,1602279
4/4/2021,2021,14,1.06101,1.07796,4731,5048,NA,4685,2281,1355,18100,3277,1679101
4/11/2021,2021,15,1.08091,1.1089,5227,5290,NA,4907,2358,1383,19165,3282,1728295
4/18/2021,2021,16,1.10326,1.1502,5763,4858,NA,5093,2140,1451,19305,3248,1678407
4/25/2021,2021,17,1.13361,1.1834,6326,4810,NA,5503,2042,1418,20099,3256,1698411
5/2/2021,2021,18,1.14992,1.20915,6822,4617,NA,5401,1802,1288,19930,3227,1648268
5/9/2021,2021,19,1.19092,1.25462,7365,4362,NA,5491,1841,1308,20367,3214,1623366
5/16/2021,2021,20,1.24677,1.26333,8352,4421,NA,5414,1742,1333,21262,3193,1683010
5/23/2021,2021,21,1.14504,1.19095,7953,3990,NA,4967,1590,1175,19675,3141,1652047
5/30/2021,2021,22,1.18454,1.25187,8502,3975,NA,4854,1572,1240,20143,3140,1609033
6/6/2021,2021,23,1.12943,1.14521,8096,3692,NA,4645,1527,1222,19182,3110,1674977
6/13/2021,2021,24,1.18866,1.18174,8503,3785,NA,4594,1508,1189,19579,3068,1656791
6/20/2021,2021,25,1.21202,1.21001,8514,3814,NA,4609,1652,1301,19890,3057,1643793
6/27/2021,2021,26,1.21342,1.21283,8369,4003,NA,4757,1672,1291,20092,3055,1656615
7/4/2021,2021,27,1.26676,1.32905,8719,4859,NA,5309,1976,1508,22371,3055,1683237
7/11/2021,2021,28,1.38728,1.44269,9193,6029,NA,5930,2399,1710,25261,3067,1750965
7/18/2021,2021,29,1.6475,1.70926,10371,7958,NA,7170,2897,2149,30545,3067,1787028
7/25/2021,2021,30,1.80199,1.91065,11132,9249,NA,8572,3614,2628,35195,3050,1842048
8/1/2021,2021,31,1.94952,2.05206,11102,10544,NA,8900,4327,2883,37756,3050,1839909
8/8/2021,2021,32,2.03548,2.15548,11264,11226,NA,10105,4555,2917,40067,3042,1858843
8/15/2021,2021,33,2.1918,2.30581,11801,11013,NA,12275,4739,2893,42721,3029,1852756
8/22/2021,2021,34,2.23897,2.30752,11982,10382,NA,13529,4339,2826,43058,3028,1865986
8/29/2021,2021,35,2.26643,2.25253,11745,9557,NA,13053,3886,2623,40864,3027,1814136
9/5/2021,2021,36,2.21298,2.21275,11705,9088,NA,12250,3733,2645,39421,3021,1781535
9/12/2021,2021,37,2.045,2.00464,11248,7774,NA,11578,3289,2304,36193,3059,1805463
9/19/2021,2021,38,1.90124,1.93759,10916,6853,NA,11380,2765,2062,33976,3037,1753523
9/26/2021,2021,39,1.8442,1.84367,10133,5627,NA,10040,2315,1834,29949,2877,1624427
10/3/2021,2021,40,2.04291,1.96951,13140,7466,NA,13154,3201,2574,39535,3501,2007349
10/10/2021,2021,41,1.94883,1.90695,13072,7120,NA,11985,2975,2486,37638,3510,1973726
10/17/2021,2021,42,1.92689,1.86187,12500,6458,NA,11458,2943,2355,35714,3474,1918176
10/24/2021,2021,43,1.9797,1.89376,12859,6677,NA,11888,2853,2362,36639,3509,1934723
10/31/2021,2021,44,2.13555,2.08777,13304,6968,NA,14454,2930,2374,40030,3515,1917361
11/7/2021,2021,45,2.26828,2.22941,14565,7836,NA,15840,3192,2730,44163,3530,1980931
11/14/2021,2021,46,2.41203,2.35687,14740,8523,NA,17358,3639,2816,47076,3526,1997393
11/21/2021,2021,47,2.51906,2.45867,14918,8183,NA,13401,3719,3103,43324,3519,1762089
11/28/2021,2021,48,2.55518,2.56351,15167,11304,NA,17353,4893,4012,52729,3545,2056903
12/5/2021,2021,49,2.73156,2.71846,14971,11373,NA,19971,4863,3891,55069,3544,2025745
12/12/2021,2021,50,3.14637,3.09823,16287,13615,NA,23450,5232,3961,62545,3518,2018736
12/19/2021,2021,51,4.00697,4.07867,18515,22557,NA,25073,7773,5307,79225,3496,1942424
12/26/2021,2021,52,4.90255,5.06901,24109,38300,NA,28952,13512,8989,113862,3455,2246237
1/2/2022,2022,1,4.32609,4.28066,17044,31478,NA,24738,12063,7939,93262,3487,2178681
1/9/2022,2022,2,3.53446,3.41579,12223,21830,NA,20214,8735,6181,69183,3499,2025389
1/16/2022,2022,3,2.80631,2.67796,9492,15006,NA,13268,6185,4547,48498,3503,1811003
1/23/2022,2022,4,2.07428,1.97776,7309,9877,NA,9526,4582,3516,34810,3485,1760073
1/30/2022,2022,5,1.68283,1.56091,6082,6431,NA,7748,3018,2552,25831,3415,1654872
2/6/2022,2022,6,1.44399,1.34542,6395,5170,NA,7610,2401,2155,23731,3474,1763832
2/13/2022,2022,7,1.49042,1.37085,6917,4645,NA,8500,2083,1801,23946,3474,1746795
2/20/2022,2022,8,1.46656,1.37026,7057,4638,NA,8330,1816,1768,23609,3472,1722955
2/27/2022,2022,9,1.58712,1.42301,7423,5008,NA,9830,1864,1676,25801,3470,1813130
3/6/2022,2022,10,1.70414,1.54683,8210,5060,NA,11085,1951,1771,28077,3485,1815133
3/13/2022,2022,11,1.83426,1.67881,9042,5914,NA,12124,2202,2077,31359,3454,1867926
3/20/2022,2022,12,1.87437,1.73443,9302,5973,NA,12648,2334,2166,32423,3449,1869370
3/27/2022,2022,13,1.97666,1.85462,9613,6759,NA,13660,2384,2406,34822,3443,1877580
4/3/2022,2022,14,2.07192,1.99404,10562,7272,NA,15187,2573,2550,38144,3453,1912899
4/10/2022,2022,15,2.16356,2.12964,11336,7838,NA,16095,2868,2829,40966,3446,1923613
4/17/2022,2022,16,2.20516,2.1833,11734,8315,NA,15748,3172,3117,42086,3457,1927635
4/24/2022,2022,17,2.30897,2.21509,12070,8422,NA,16372,3274,3282,43420,3426,1960190
5/1/2022,2022,18,2.36195,2.4143,12835,9402,NA,18631,3608,3323,47799,3394,1979830
5/8/2022,2022,19,2.55252,2.60892,14243,10135,NA,19989,3843,3815,52025,3376,1994121
5/15/2022,2022,20,2.4544,2.60434,15055,10460,NA,20746,3985,3835,54081,3414,2076569
5/22/2022,2022,21,2.39129,2.66831,14561,10167,NA,19982,4010,3665,52385,3351,1963229
5/29/2022,2022,22,2.43334,2.64646,15809,10584,NA,17507,4060,3903,51863,3345,1959711
6/5/2022,2022,23,2.16338,2.29329,14154,9654,NA,13726,3941,3765,45240,3342,1972714
6/12/2022,2022,24,1.9885,2.0741,12858,8941,NA,11205,3665,3581,40250,3302,1940597
6/19/2022,2022,25,1.87681,1.91807,11865,8676,NA,9933,3736,3620,37830,3355,1972297
6/26/2022,2022,26,1.80431,1.80208,11066,8004,NA,8513,3523,3460,34566,3237,1918113
7/3/2022,2022,27,1.8187,1.79307,10580,8380,NA,8593,3697,3733,34983,3345,1951013
7/10/2022,2022,28,1.67889,1.66869,9525,8324,NA,8111,3546,3505,33011,3313,1978256
7/17/2022,2022,29,1.66049,1.64913,9361,8219,NA,8116,3483,3432,32611,3313,1977461
7/24/2022,2022,30,1.67087,1.64799,9153,8056,NA,7859,3485,3487,32040,3289,1944189
7/31/2022,2022,31,1.53015,1.5292,8659,7295,NA,7476,3104,3107,29641,3305,1938338
8/7/2022,2022,32,1.51566,1.51741,8329,6816,NA,7813,2804,2880,28642,3198,1887562
8/14/2022,2022,33,1.60511,1.61916,9479,6659,NA,9934,2819,2681,31572,3293,1949894
8/21/2022,2022,34,1.83833,1.81145,10792,7079,NA,12593,2730,2593,35787,3280,1975601
8/28/2022,2022,35,1.96617,1.89564,11524,6980,NA,13887,2670,2452,37513,3260,1978914
9/4/2022,2022,36,2.02613,1.94934,12548,6978,NA,13475,2701,2632,38334,3290,1966513
9/11/2022,2022,37,2.04444,1.97433,13405,6751,NA,14610,2618,2454,39838,3322,2017799
9/18/2022,2022,38,2.29157,2.19998,15939,6924,NA,16713,2658,2492,44726,3334,2033022
9/25/2022,2022,39,2.37316,2.29832,17080,6945,NA,16825,2795,2676,46321,3353,2015431
10/2/2022,2022,40,2.61928,2.59379,18503,10718,NA,20141,4094,3862,57318,3684,2209814
10/9/2022,2022,41,2.97342,2.85133,20623,11519,NA,22779,4394,4073,63388,3720,2223106
10/16/2022,2022,42,3.33747,3.31688,23713,13719,NA,28368,5303,4512,75615,3726,2279700
10/23/2022,2022,43,4.40914,4.4466,32012,19586,NA,45003,7037,5858,109496,3788,2462467
10/30/2022,2022,44,5.46044,5.54702,37474,25460,NA,61015,8469,6829,139247,3776,2510305
11/6/2022,2022,45,5.77391,5.67263,38651,26941,NA,57053,9791,7619,140055,3793,2468962
11/13/2022,2022,46,5.95367,5.73531,34849,28672,NA,55229,10171,8498,137419,3777,2396019
11/20/2022,2022,47,7.46674,7.37142,39539,36157,NA,62925,13876,12439,164936,3765,2237505
11/27/2022,2022,48,7.22916,7.24012,38495,48042,NA,63623,18626,16887,185673,3767,2564503
12/4/2022,2022,49,6.83803,6.82928,32316,40778,NA,62563,16557,15034,167248,3750,2448985
12/11/2022,2022,50,6.32716,6.46231,28976,38007,NA,55613,15506,13570,151672,3751,2347026
12/18/2022,2022,51,5.98024,6.1412,25500,34587,NA,41624,14564,13703,129978,3715,2116491
12/25/2022,2022,52,5.33738,5.46656,22891,31974,NA,27251,14961,15454,112531,3703,2058533
1/1/2023,2023,1,3.94632,4.07732,16651,27662,NA,21006,13549,13166,92034,3740,2257219
1/8/2023,2023,2,2.95379,3.05773,12231,19912,NA,18061,9135,8381,67720,3737,2214718
1/15/2023,2023,3,2.64461,2.70671,11720,15844,NA,16915,7000,6291,57770,3730,2134322
1/22/2023,2023,4,2.63254,2.67225,12170,15618,NA,18680,6410,5353,58231,3716,2179097
1/29/2023,2023,5,2.58785,2.68591,12686,15506,NA,19751,6113,5270,59326,3734,2208786
2/5/2023,2023,6,2.59797,2.70465,13271,15921,NA,20964,6469,5633,62258,3735,2301891
2/12/2023,2023,7,2.57397,2.6371,13127,15055,NA,19818,6263,5402,59665,3695,2262519
2/19/2023,2023,8,2.53338,2.58651,13478,13880,NA,18410,6054,5401,57223,3719,2212367
2/26/2023,2023,9,2.41141,2.44348,12693,13849,NA,18281,5769,5090,55682,3725,2278801
3/5/2023,2023,10,2.36135,2.40445,12840,13379,NA,18388,5365,4714,54686,3722,2274369
3/12/2023,2023,11,2.35552,2.43524,13086,13264,NA,17814,5298,4801,54263,3713,2228243
3/19/2023,2023,12,2.31452,2.41343,13043,13685,NA,18685,5286,4695,55394,3665,2295244
3/26/2023,2023,13,2.26061,2.34891,12413,13208,NA,18078,5005,4638,53342,3688,2270922
4/2/2023,2023,14,2.13495,2.20628,11586,11976,NA,15673,4783,4337,48355,3680,2191695
4/9/2023,2023,15,2.01808,2.0726,11151,11853,NA,14832,4552,4337,46725,3665,2254413
4/16/2023,2023,16,1.91773,1.95437,9912,11388,NA,14788,4361,4058,44507,3680,2277306
4/23/2023,2023,17,1.91233,1.97315,10041,11176,NA,15803,4133,3649,44802,3677,2270577
4/30/2023,2023,18,1.95706,2.0174,10013,11224,NA,16115,4283,3947,45582,3652,2259439
5/7/2023,2023,19,1.92178,1.99349,10187,11067,NA,16725,4072,3718,45769,3654,2295923
5/14/2023,2023,20,1.88696,1.96616,9740,10697,NA,15517,3875,3458,43287,3653,2201602
5/21/2023,2023,21,1.83831,1.91398,9389,10386,NA,14611,3640,3490,41516,3518,2169098
5/28/2023,2023,22,1.85243,1.93826,9568,10413,NA,14220,3845,3543,41589,3601,2145684
6/4/2023,2023,23,1.58197,1.69283,8309,9954,NA,11628,3622,3426,36939,3583,2182091
6/11/2023,2023,24,1.49009,1.57462,7741,9289,NA,10223,3447,3180,33880,3589,2151633
6/18/2023,2023,25,1.36698,1.44401,6998,8727,NA,8941,3236,2987,30889,3582,2139112
6/25/2023,2023,26,1.276,1.32385,6388,8130,NA,8012,3046,2910,28486,3539,2151758
7/2/2023,2023,27,1.23501,1.29091,5944,7472,NA,7475,2940,2817,26648,3569,2064286
7/9/2023,2023,28,1.16269,1.20177,5608,7567,NA,7043,2925,2760,25903,3542,2155400
7/16/2023,2023,29,1.12962,1.19268,5718,7476,NA,6836,2931,2841,25802,3560,2163359
7/23/2023,2023,30,1.1716,1.23085,5812,7475,NA,7046,3137,2947,26417,3551,2146245
7/30/2023,2023,31,1.20886,1.26099,5678,7979,NA,6966,3273,3000,26896,3542,2132922
8/6/2023,2023,32,1.28069,1.35931,5982,8642,NA,7764,3560,3365,29313,3521,2156467
8/13/2023,2023,33,1.45906,1.53965,6688,9791,NA,9759,3784,3641,33663,3533,2186399
8/20/2023,2023,34,1.72129,1.8262,8234,11256,NA,13151,4300,4038,40979,3524,2243946
8/27/2023,2023,35,1.95643,1.97735,8980,11792,NA,14664,4630,4345,44411,3537,2245988
9/3/2023,2023,36,2.02622,2.0246,9546,11819,NA,14159,4621,4589,44734,3538,2209523
9/10/2023,2023,37,1.95721,1.99147,9485,11798,NA,14904,4699,4401,45287,3558,2274050
9/17/2023,2023,38,2.04894,2.13438,10912,11970,NA,16162,4711,4510,48265,3558,2261308
9/24/2023,2023,39,2.10325,2.17945,11376,12299,NA,16110,4934,4550,49269,3552,2260617
10/1/2023,2023,40,2.29246,2.25902,13511,13430,NA,18994,5290,5052,56277,4127,2491208
10/8/2023,2023,41,2.32301,2.30946,14403,13938,NA,18523,5428,5088,57380,4145,2484565
10/15/2023,2023,42,2.54346,2.51464,15712,14455,NA,20287,5812,6187,62453,4131,2483573
10/22/2023,2023,43,2.731,2.67937,16971,15452,NA,22354,6072,6700,67549,4156,2521074
10/29/2023,2023,44,2.97132,2.91185,17784,16573,NA,24733,6335,6687,72112,4150,2476504
11/5/2023,2023,45,3.43915,3.32485,21454,19306,NA,29393,7423,7741,85317,4146,2566043
11/12/2023,2023,46,3.72221,3.57182,22011,21538,NA,30763,8074,8411,90797,4149,2542038
11/19/2023,2023,47,3.96418,3.78817,22379,20377,NA,25918,8365,8408,85447,4162,2255630
11/26/2023,2023,48,4.06554,3.95919,22624,28320,NA,30290,11121,11193,103548,4135,2615381
12/3/2023,2023,49,4.42345,4.35408,23342,28996,NA,38072,12182,11359,113951,4098,2617107
12/10/2023,2023,50,5.23015,5.2067,26060,34987,NA,48218,13983,12561,135809,4112,2608352
12/17/2023,2023,51,6.29282,6.31029,29750,45227,NA,53426,18090,16604,163097,4083,2584619
12/24/2023,2023,52,6.8564,6.90448,31461,50010,NA,41750,21678,21694,166593,4075,2412825
12/31/2023,2024,1,5.76741,5.76183,24655,46988,NA,32258,20517,19363,143781,4100,2495405
1/7/2024,2024,2,4.71124,4.7531,18115,37048,NA,31337,16378,15370,118248,4096,2487810
1/14/2024,2024,3,4.37495,4.35071,16144,30545,NA,29092,12622,11542,99945,4106,2297213
1/21/2024,2024,4,4.29022,4.22407,16212,31771,NA,34316,12481,10636,105416,4132,2495602
1/28/2024,2024,5,4.46938,4.27941,17241,30380,NA,38460,11582,10031,107694,4110,2516564
2/4/2024,2024,6,4.50725,4.39987,17947,31575,NA,41690,11534,10034,112780,4116,2563258
2/11/2024,2024,7,4.40091,4.33579,17377,30736,NA,38854,11228,9949,108144,4101,2494214
2/18/2024,2024,8,4.37543,4.319,17637,31213,NA,36968,11314,10156,107288,4094,2484096
2/25/2024,2024,9,4.09606,4.07863,17319,30521,NA,35834,11034,9901,104609,4092,2564806
3/3/2024,2024,10,3.74631,3.72784,16477,26559,NA,32940,9683,8809,94468,4096,2534125
3/10/2024,2024,11,3.43299,3.39836,15861,23666,NA,29058,8453,7730,84768,4034,2494379
3/17/2024,2024,12,3.10658,3.1499,15078,21970,NA,26428,7814,7112,78402,4087,2489028
3/24/2024,2024,13,2.9835,3.01987,14358,21092,NA,23238,7443,7010,73141,4076,2421991
3/31/2024,2024,14,2.77628,2.81604,13847,19972,NA,20188,7091,6684,67782,4046,2406993
4/7/2024,2024,15,2.54083,2.57626,13143,18062,NA,19347,6761,6299,63612,4051,2469161
4/14/2024,2024,16,2.23872,1.26787,11664,15555,NA,18048,5911,5738,56916,4022,4489093
4/21/2024,2024,17,2.19339,2.22873,11049,14533,NA,17281,5484,5103,53450,3891,2398230
